operation_id,start_unix_ns,end_unix_ns,latency_ms,node_count,is_global,success
op-1,1783280968453171900,1783280968479490500,26.3186,16,true,true
op-2,1783280968473376400,1783280968498768000,25.3916,16,true,true
op-3,1783280968494062900,1783280968519490700,25.4278,16,true,true
op-4,1783280968514520700,1783280968539701900,25.1812,16,true,true
op-5,1783280968535179300,1783280968556090000,20.9107,16,true,true
op-6,1783280968556090000,1783280968577020900,20.9309,16,true,true
op-7,1783280968577020900,1783280968598191500,21.1706,16,true,true
op-8,1783280968597689200,1783280968616638300,18.9491,16,true,true
op-9,1783280968618158100,1783280968637368300,19.2102,16,true,true
op-10,1783280968638887500,1783280968659996300,21.1088,16,true,true
op-11,1783280968659129000,1783280968680870200,21.7412,16,true,true
op-12,1783280968679880900,1783280968701779000,21.8981,16,true,true
op-13,1783280968700255500,1783280968727296500,27.0410,16,true,true
op-14,1783280968720751200,1783280968745298800,24.5476,16,true,true
op-15,1783280968741030300,1783280968764295900,23.2656,16,true,true
op-16,1783280968761264600,1783280968782949800,21.6852,16,true,true
op-17,1783280968781573900,1783280968803988400,22.4145,16,true,true
op-18,1783280968802118300,1783280968824199200,22.0809,16,true,true
op-19,1783280968822693200,1783280968844508800,21.8156,16,true,true
op-20,1783280968843505500,1783280968864896200,21.3907,16,true,true
op-21,1783280968863893000,1783280968885347900,21.4549,16,true,true
op-22,1783280968884344600,1783280968908129600,23.7850,16,true,true
op-23,1783280968904559000,1783280968927061600,22.5026,16,true,true
op-24,1783280968925271100,1783280968947205400,21.9343,16,true,true
op-25,1783280968945699900,1783280968967873400,22.1735,16,true,true
op-26,1783280968966387800,1783280968988192300,21.8045,16,true,true
op-27,1783280968986722300,1783280969011997300,25.2750,16,true,true
op-28,1783280969007254100,1783280969031611200,24.3571,16,true,true
op-29,1783280969027722300,1783280969049465300,21.7430,16,true,true
op-30,1783280969048461800,1783280969070634900,22.1731,16,true,true
op-31,1783280969068786500,1783280969091501900,22.7154,16,true,true
op-32,1783280969089193700,1783280969112056000,22.8623,16,true,true
op-33,1783280969110056600,1783280969132427700,22.3711,16,true,true
op-34,1783280969130424500,1783280969154905300,24.4808,16,true,true
op-35,1783280969151005100,1783280969172204600,21.1995,16,true,true
op-36,1783280969171702400,1783280969193654000,21.9516,16,true,true
op-37,1783280969192103400,1783280969215386200,23.2828,16,true,true
op-38,1783280969212523300,1783280969237301500,24.7782,16,true,true
op-39,1783280969232829100,1783280969255331500,22.5024,16,true,true
op-40,1783280969253326700,1783280969275134700,21.8080,16,true,true
op-41,1783280969274131600,1783280969302163000,28.0314,16,true,true
op-42,1783280969295634500,1783280969318972200,23.3377,16,true,true
op-43,1783280969316113600,1783280969338689400,22.5758,16,true,true
op-44,1783280969336820300,1783280969360207800,23.3875,16,true,true
op-45,1783280969357194500,1783280969380544500,23.3500,16,true,true
op-46,1783280969377509900,1783280969404019900,26.5100,16,true,true
op-47,1783280969397749600,1783280969419028800,21.2792,16,true,true
op-48,1783280969418152900,1783280969438969600,20.8167,16,true,true
op-49,1783280969438467100,1783280969459749200,21.2821,16,true,true
op-50,1783280969458871500,1783280969479841600,20.9701,16,true,true
op-51,1783280969479019000,1783280969499940200,20.9212,16,true,true
op-52,1783280969499433000,1783280969524102200,24.6692,16,true,true
op-53,1783280969519517100,1783280969543803700,24.2866,16,true,true
op-54,1783280969539921900,1783280969562821200,22.8993,16,true,true
op-55,1783280969560129600,1783280969581981600,21.8520,16,true,true
op-56,1783280969580475800,1783280969603769600,23.2938,16,true,true
op-57,1783280969600920000,1783280969623674300,22.7543,16,true,true
op-58,1783280969621160700,1783280969642900100,21.7394,16,true,true
op-59,1783280969641896900,1783280969663843400,21.9465,16,true,true
op-60,1783280969662337600,1783280969684607700,22.2701,16,true,true
op-61,1783280969683102100,1783280969705960500,22.8584,16,true,true
op-62,1783280969703831300,1783280969725636600,21.8053,16,true,true
op-63,1783280969724633200,1783280969748014700,23.3815,16,true,true
op-64,1783280969745238200,1783280969766288000,21.0498,16,true,true
op-65,1783280969765785400,1783280969787162300,21.3769,16,true,true
op-66,1783280969786659800,1783280969808743600,22.0838,16,true,true
op-67,1783280969806909800,1783280969827882400,20.9726,16,true,true
op-68,1783280969827380000,1783280969852434700,25.0547,16,true,true
op-69,1783280969847854900,1783280969871840500,23.9856,16,true,true
op-70,1783280969867992900,1783280969889486200,21.4933,16,true,true
op-71,1783280969888615100,1783280969910099800,21.4847,16,true,true
op-72,1783280969908901000,1783280969930200200,21.2992,16,true,true
op-73,1783280969929697100,1783280969950686500,20.9894,16,true,true
op-74,1783280969950184100,1783280969971852300,21.6682,16,true,true
op-75,1783280969970980300,1783280969992680100,21.6998,16,true,true
op-76,1783280969991616000,1783280970013340500,21.7245,16,true,true
op-77,1783280970012337400,1783280970034242500,21.9051,16,true,true
op-78,1783280970032907500,1783280970054907300,21.9998,16,true,true
op-79,1783280970053398700,1783280970076175000,22.7763,16,true,true
op-80,1783280970074023100,1783280970096316600,22.2935,16,true,true
op-81,1783280970094493900,1783280970116683900,22.1900,16,true,true
op-82,1783280970115178600,1783280970138323400,23.1448,16,true,true
op-83,1783280970135201400,1783280970156715800,21.5144,16,true,true
op-84,1783280970155429700,1783280970177404200,21.9745,16,true,true
op-85,1783280970175858400,1783280970197788000,21.9296,16,true,true
op-86,1783280970196280400,1783280970218920900,22.6405,16,true,true
op-87,1783280970217395300,1783280970239499100,22.1038,16,true,true
op-88,1783280970237958500,1783280970258457800,20.4993,16,true,true
op-89,1783280970258457800,1783280970277709500,19.2517,16,true,true
op-90,1783280970279228800,1783280970303064000,23.8352,16,true,true
op-91,1783280970299683400,1783280970322454400,22.7710,16,true,true
op-92,1783280970319923200,1783280970341069800,21.1466,16,true,true
op-93,1783280970340567300,1783280970362363500,21.7962,16,true,true
op-94,1783280970360858000,1783280970384653400,23.7954,16,true,true
op-95,1783280970381131400,1783280970404344600,23.2132,16,true,true
op-96,1783280970401348700,1783280970423200700,21.8520,16,true,true
op-97,1783280970421662900,1783280970443683300,22.0204,16,true,true
op-98,1783280970442152000,1783280970465073500,22.9215,16,true,true
op-99,1783280970462476100,1783280970483889400,21.4133,16,true,true
op-100,1783280970482884600,1783280970503563300,20.6787,16,true,true
op-101,1783280970503563300,1783280970526071000,22.5077,16,true,true
op-102,1783280970524252800,1783280970545771600,21.5188,16,true,true
op-103,1783280970544767700,1783280970566114800,21.3471,16,true,true
op-104,1783280970565612600,1783280970586874800,21.2622,16,true,true
op-105,1783280970585871300,1783280970608277000,22.4057,16,true,true
op-106,1783280970606361700,1783280970628876000,22.5143,16,true,true
op-107,1783280970627035800,1783280970648493600,21.4578,16,true,true
op-108,1783280970647397800,1783280970668845100,21.4473,16,true,true
op-109,1783280970667841900,1783280970690054900,22.2130,16,true,true
op-110,1783280970688235600,1783280970710879100,22.6435,16,true,true
op-111,1783280970708890700,1783280970732949700,24.0590,16,true,true
op-112,1783280970729335700,1783280970752550300,23.2146,16,true,true
op-113,1783280970749963100,1783280970772549000,22.5859,16,true,true
op-114,1783280970770400100,1783280970792721400,22.3213,16,true,true
op-115,1783280970791215800,1783280970813616100,22.4003,16,true,true
op-116,1783280970811612900,1783280970836017200,24.4043,16,true,true
op-117,1783280970831859200,1783280970853896800,22.0376,16,true,true
op-118,1783280970852428200,1783280970874661900,22.2337,16,true,true
op-119,1783280970872794700,1783280970894999000,22.2043,16,true,true
op-120,1783280970893148600,1783280970916895400,23.7468,16,true,true
op-121,1783280970913392100,1783280970935412600,22.0205,16,true,true
op-122,1783280970933742500,1783280970955863300,22.1208,16,true,true
op-123,1783280970954358600,1783280970980038400,25.6798,16,true,true
op-124,1783280970974703400,1783280970997160100,22.4567,16,true,true
op-125,1783280970995151700,1783280971016136000,20.9843,16,true,true
op-126,1783280971015632800,1783280971037895600,22.2628,16,true,true
op-127,1783280971035878900,1783280971057448100,21.5692,16,true,true
op-128,1783280971056084200,1783280971077787900,21.7037,16,true,true
op-129,1783280971076784600,1783280971099255500,22.4709,16,true,true
op-130,1783280971097304300,1783280971119573500,22.2692,16,true,true
op-131,1783280971117688400,1783280971140323400,22.6350,16,true,true
op-132,1783280971137934200,1783280971160141900,22.2077,16,true,true
op-133,1783280971158521600,1783280971179619100,21.0975,16,true,true
op-134,1783280971178807800,1783280971201900600,23.0928,16,true,true
op-135,1783280971199026300,1783280971220404100,21.3778,16,true,true
op-136,1783280971219419200,1783280971241814300,22.3951,16,true,true
op-137,1783280971239805300,1783280971262235500,22.4302,16,true,true
op-138,1783280971260232200,1783280971282685700,22.4535,16,true,true
op-139,1783280971280805400,1783280971305521600,24.7162,16,true,true
op-140,1783280971300958600,1783280971324271400,23.3128,16,true,true
op-141,1783280971321127600,1783280971343009200,21.8816,16,true,true
op-142,1783280971341905600,1783280971363238100,21.3325,16,true,true
op-143,1783280971362386800,1783280971385060400,22.6736,16,true,true
op-144,1783280971382995300,1783280971407545700,24.5504,16,true,true
op-145,1783280971403465200,1783280971426196200,22.7310,16,true,true
op-146,1783280971424090200,1783280971446746900,22.6567,16,true,true
op-147,1783280971444741500,1783280971466589300,21.8478,16,true,true
op-148,1783280971465082900,1783280971487435200,22.3523,16,true,true
op-149,1783280971485502100,1783280971507687300,22.1852,16,true,true
op-150,1783280971506181300,1783280971530066900,23.8856,16,true,true
op-151,1783280971526435200,1783280971551726700,25.2915,16,true,true
op-152,1783280971546878900,1783280971572286200,25.4073,16,true,true
op-153,1783280971567183100,1783280971592186500,25.0034,16,true,true
op-154,1783280971587566300,1783280971610227800,22.6615,16,true,true
op-155,1783280971608008600,1783280971630396900,22.3883,16,true,true
op-156,1783280971628191200,1783280971650760200,22.5690,16,true,true
op-157,1783280971648877400,1783280971671527100,22.6497,16,true,true
op-158,1783280971669620400,1783280971692763300,23.1429,16,true,true
op-159,1783280971690237200,1783280971713105400,22.8682,16,true,true
op-160,1783280971710589600,1783280971732144100,21.5545,16,true,true
op-161,1783280971731140900,1783280971753576400,22.4355,16,true,true
op-162,1783280971751529700,1783280971774414900,22.8852,16,true,true
op-163,1783280971772028000,1783280971793601400,21.5734,16,true,true
op-164,1783280971792598100,1783280971815049300,22.4512,16,true,true
op-165,1783280971813046000,1783280971835338100,22.2921,16,true,true
op-166,1783280971833503400,1783280971854123400,20.6200,16,true,true
op-167,1783280971854123400,1783280971874822700,20.6993,16,true,true
op-168,1783280971874822700,1783280971895591500,20.7688,16,true,true
op-169,1783280971895089000,1783280971917590700,22.5017,16,true,true
op-170,1783280971915757400,1783280971936425000,20.6676,16,true,true
op-171,1783280971936425000,1783280971957500700,21.0757,16,true,true
op-172,1783280971956701400,1783280971977537900,20.8365,16,true,true
op-173,1783280971977035400,1783280971998008900,20.9735,16,true,true
op-174,1783280971997506300,1783280972019200800,21.6945,16,true,true
op-175,1783280972018196300,1783280972040177700,21.9814,16,true,true
op-176,1783280972038672000,1783280972060766400,22.0944,16,true,true
op-177,1783280972058883700,1783280972080979400,22.0957,16,true,true
op-178,1783280972079473600,1783280972101959900,22.4863,16,true,true
op-179,1783280972099806700,1783280972122341100,22.5344,16,true,true
op-180,1783280972120400300,1783280972144556400,24.1561,16,true,true
op-181,1783280972141022000,1783280972162470900,21.4489,16,true,true
op-182,1783280972161293600,1783280972181873900,20.5803,16,true,true
op-183,1783280972181873900,1783280972203603900,21.7300,16,true,true
op-184,1783280972202678100,1783280972224324700,21.6466,16,true,true
op-185,1783280972223321400,1783280972244700600,21.3792,16,true,true
op-186,1783280972243745100,1783280972265238800,21.4937,16,true,true
op-187,1783280972264235400,1783280972287048700,22.8133,16,true,true
op-188,1783280972284964400,1783280972306980600,22.0162,16,true,true
op-189,1783280972305441100,1783280972328027400,22.5863,16,true,true
op-190,1783280972325479900,1783280972350486000,25.0061,16,true,true
op-191,1783280972346188400,1783280972369971100,23.7827,16,true,true
op-192,1783280972366617700,1783280972388454400,21.8367,16,true,true
op-193,1783280972386948400,1783280972413284300,26.3359,16,true,true
op-194,1783280972407029200,1783280972429560300,22.5311,16,true,true
op-195,1783280972427723600,1783280972449225700,21.5021,16,true,true
op-196,1783280972448117100,1783280972473541800,25.4247,16,true,true
op-197,1783280972468323800,1783280972490522600,22.1988,16,true,true
op-198,1783280972488712500,1783280972509321900,20.6094,16,true,true
op-199,1783280972509321900,1783280972529871800,20.5499,16,true,true
op-200,1783280972529871800,1783280972550453100,20.5813,16,true,true
op-201,1783280972550453100,1783280972573389300,22.9362,16,true,true
op-202,1783280972570920000,1783280972592526500,21.6065,16,true,true
op-203,1783280972591523200,1783280972613608500,22.0853,16,true,true
op-204,1783280972612184500,1783280972633222300,21.0378,16,true,true
op-205,1783280972632719700,1783280972653195000,20.4753,16,true,true
op-206,1783280972653195000,1783280972674729100,21.5341,16,true,true
op-207,1783280972673732300,1783280972695983400,22.2511,16,true,true
op-208,1783280972694087800,1783280972715107700,21.0199,16,true,true
op-209,1783280972714605100,1783280972735638000,21.0329,16,true,true
op-210,1783280972735135500,1783280972756701600,21.5661,16,true,true
op-211,1783280972755753500,1783280972777325000,21.5715,16,true,true
op-212,1783280972776327400,1783280972800746700,24.4193,16,true,true
op-213,1783280972796993000,1783280972818900500,21.9075,16,true,true
op-214,1783280972817394900,1783280972840175000,22.7801,16,true,true
op-215,1783280972838098900,1783280972859799800,21.7009,16,true,true
op-216,1783280972858474600,1783280972880321900,21.8473,16,true,true
op-217,1783280972878981000,1783280972900575300,21.5943,16,true,true
op-218,1783280972899571700,1783280972923005700,23.4340,16,true,true
op-219,1783280972919681100,1783280972941957600,22.2765,16,true,true
op-220,1783280972940220400,1783280972962654400,22.4340,16,true,true
op-221,1783280972960454800,1783280972982028900,21.5741,16,true,true
op-222,1783280972981174400,1783280973003685700,22.5113,16,true,true
op-223,1783280973001537100,1783280973023435200,21.8981,16,true,true
op-224,1783280973022431800,1783280973047476900,25.0451,16,true,true
op-225,1783280973042895800,1783280973065153300,22.2575,16,true,true
op-226,1783280973063245500,1783280973088076500,24.8310,16,true,true
op-227,1783280973083464700,1783280973105971200,22.5065,16,true,true
op-228,1783280973103984900,1783280973125978400,21.9935,16,true,true
op-229,1783280973124468200,1783280973146846000,22.3778,16,true,true
op-230,1783280973144819500,1783280973166808400,21.9889,16,true,true
op-231,1783280973165299300,1783280973187706000,22.4067,16,true,true
op-232,1783280973185685300,1783280973206447800,20.7625,16,true,true
op-233,1783280973206447800,1783280973227169800,20.7220,16,true,true
op-234,1783280973227169800,1783280973247900300,20.7305,16,true,true
op-235,1783280973247900300,1783280973268620600,20.7203,16,true,true
op-236,1783280973268620600,1783280973289941000,21.3204,16,true,true
op-237,1783280973289438800,1783280973311388500,21.9497,16,true,true
op-238,1783280973309879000,1783280973332108900,22.2299,16,true,true
op-239,1783280973330581500,1783280973352966000,22.3845,16,true,true
op-240,1783280973350906400,1783280973371248800,20.3424,16,true,true
op-241,1783280973371248800,1783280973392766100,21.5173,16,true,true
op-242,1783280973391763000,1783280973413790200,22.0272,16,true,true
op-243,1783280973412285000,1783280973438558300,26.2733,16,true,true
op-244,1783280973432709600,1783280973455985000,23.2754,16,true,true
op-245,1783280973452899600,1783280973476354800,23.4552,16,true,true
op-246,1783280973473081400,1783280973504154800,31.0734,16,true,true
op-247,1783280973493496600,1783280973527449800,33.9532,16,true,true
op-248,1783280973513650200,1783280973547576500,33.9263,16,true,true
op-249,1783280973534199400,1783280973568652000,34.4526,16,true,true
op-250,1783280973554506500,1783280973591077000,36.5705,16,true,true
op-251,1783280973574698000,1783280973609759500,35.0615,16,true,true
op-252,1783280973595394200,1783280973625301400,29.9072,16,true,true
op-253,1783280973616473100,1783280973650561100,34.0880,16,true,true
op-254,1783280973636938200,1783280973670082300,33.1441,16,true,true
op-255,1783280973657259200,1783280973693598300,36.3391,16,true,true
op-256,1783280973677603000,1783280973718506100,40.9031,16,true,true
op-257,1783280973698083600,1783280973744390400,46.3068,16,true,true
op-258,1783280973718506100,1783280973769442100,50.9360,16,true,true
op-259,1783280973738548900,1783280973777204400,38.6555,16,true,true
op-260,1783280973758783200,1783280973792346300,33.5631,16,true,true
op-261,1783280973778800300,1783280973810486100,31.6858,16,true,true
op-262,1783280973799258300,1783280973836481500,37.2232,16,true,true
op-263,1783280973819322900,1783280973855615000,36.2921,16,true,true
op-264,1783280973840009100,1783280973877013600,37.0045,16,true,true
op-265,1783280973860624000,1783280973897892600,37.2686,16,true,true
op-266,1783280973881147000,1783280973918832800,37.6858,16,true,true
op-267,1783280973901898500,1783280973936434400,34.5359,16,true,true
op-268,1783280973922478400,1783280973954785000,32.3066,16,true,true
op-269,1783280973942961500,1783280973974789700,31.8282,16,true,true
op-270,1783280973963286200,1783280973995312300,32.0261,16,true,true
op-271,1783280973983603700,1783280974019336300,35.7326,16,true,true
op-272,1783280974004432500,1783280974037753200,33.3207,16,true,true
op-273,1783280974024708600,1783280974060503300,35.7947,16,true,true
op-274,1783280974045292600,1783280974078081800,32.7892,16,true,true
op-275,1783280974065883600,1783280974103926900,38.0433,16,true,true
op-276,1783280974086010100,1783280974114499300,28.4892,16,true,true
op-277,1783280974106437700,1783280974141961700,35.5240,16,true,true
op-278,1783280974126707700,1783280974159565300,32.8576,16,true,true
op-279,1783280974147009900,1783280974186181900,39.1720,16,true,true
op-280,1783280974167114300,1783280974199726900,32.6126,16,true,true
op-281,1783280974187821700,1783280974218536600,30.7149,16,true,true
op-282,1783280974208235400,1783280974246888400,38.6530,16,true,true
op-283,1783280974228533400,1783280974261587200,33.0538,16,true,true
op-284,1783280974249031800,1783280974285445600,36.4138,16,true,true
op-285,1783280974269256200,1783280974303754300,34.4981,16,true,true
op-286,1783280974289572900,1783280974319984300,30.4114,16,true,true
op-287,1783280974310136600,1783280974346435800,36.2992,16,true,true
op-288,1783280974330606900,1783280974372715300,42.1084,16,true,true
op-289,1783280974350645500,1783280974386095100,35.4496,16,true,true
op-290,1783280974370826500,1783280974405171300,34.3448,16,true,true
op-291,1783280974391431700,1783280974421641900,30.2102,16,true,true
op-292,1783280974411812600,1783280974442448700,30.6361,16,true,true
op-293,1783280974432917500,1783280974470718300,37.8008,16,true,true
op-294,1783280974453374500,1783280974483871400,30.4969,16,true,true
op-295,1783280974473718300,1783280974512235400,38.5171,16,true,true
op-296,1783280974494403600,1783280974527374200,32.9706,16,true,true
op-297,1783280974515744100,1783280974549144200,33.4001,16,true,true
op-298,1783280974536325900,1783280974570973200,34.6473,16,true,true
op-299,1783280974557049800,1783280974590966100,33.9163,16,true,true
op-300,1783280974577891800,1783280974611615400,33.7236,16,true,true
op-301,1783280974598327600,1783280974632042100,33.7145,16,true,true
op-302,1783280974618790100,1783280974653095100,34.3050,16,true,true
op-303,1783280974639041200,1783280974671752300,32.7111,16,true,true
op-304,1783280974659729000,1783280974693656600,33.9276,16,true,true
op-305,1783280974680289300,1783280974719276600,38.9873,16,true,true
op-306,1783280974700774400,1783280974731659700,30.8853,16,true,true
op-307,1783280974721314900,1783280974753996100,32.6812,16,true,true
op-308,1783280974741906200,1783280974776354600,34.4484,16,true,true
op-309,1783280974762030100,1783280974795266400,33.2363,16,true,true
op-310,1783280974782389600,1783280974816055400,33.6658,16,true,true
op-311,1783280974802793600,1783280974837826600,35.0330,16,true,true
op-312,1783280974823293000,1783280974854187400,30.8944,16,true,true
op-313,1783280974843845700,1783280974876116300,32.2706,16,true,true
op-314,1783280974864497100,1783280974900058400,35.5613,16,true,true
op-315,1783280974884718500,1783280974920025000,35.3065,16,true,true
op-316,1783280974905348300,1783280974938440200,33.0919,16,true,true
op-317,1783280974926005500,1783280974961381500,35.3760,16,true,true
op-318,1783280974946475100,1783280974980333200,33.8581,16,true,true
op-319,1783280974967445600,1783280975004183100,36.7375,16,true,true
op-320,1783280974987908700,1783280975022510300,34.6016,16,true,true
op-321,1783280975008218000,1783280975044141300,35.9233,16,true,true
op-322,1783280975028517100,1783280975063095900,34.5788,16,true,true
op-323,1783280975049184600,1783280975085751100,36.5665,16,true,true
op-324,1783280975069617900,1783280975102874500,33.2566,16,true,true
op-325,1783280975089780000,1783280975130887100,41.1071,16,true,true
op-326,1783280975110411200,1783280975145186100,34.7749,16,true,true
op-327,1783280975130887100,1783280975162564900,31.6778,16,true,true
op-328,1783280975151196100,1783280975182596100,31.4000,16,true,true
op-329,1783280975172138700,1783280975210906600,38.7679,16,true,true
op-330,1783280975192527400,1783280975223467100,30.9397,16,true,true
op-331,1783280975212908700,1783280975243109600,30.2009,16,true,true
op-332,1783280975233519100,1783280975267576100,34.0570,16,true,true
op-333,1783280975253803100,1783280975286585500,32.7824,16,true,true
op-334,1783280975274337900,1783280975305009100,30.6712,16,true,true
op-335,1783280975294844600,1783280975327959100,33.1145,16,true,true
op-336,1783280975315043600,1783280975349707300,34.6637,16,true,true
op-337,1783280975335475100,1783280975367962200,32.4871,16,true,true
op-338,1783280975355750600,1783280975388885800,33.1352,16,true,true
op-339,1783280975376100700,1783280975406678300,30.5776,16,true,true
op-340,1783280975396651000,1783280975431104100,34.4531,16,true,true
op-341,1783280975416899000,1783280975453179400,36.2804,16,true,true
op-342,1783280975437094100,1783280975478167800,41.0737,16,true,true
op-343,1783280975457588400,1783280975496832700,39.2443,16,true,true
op-344,1783280975478167800,1783280975514207300,36.0395,16,true,true
op-345,1783280975498341000,1783280975538659000,40.3180,16,true,true
op-346,1783280975518714200,1783280975554301600,35.5874,16,true,true
op-347,1783280975539370000,1783280975573874700,34.5047,16,true,true
op-348,1783280975559482500,1783280975594268700,34.7862,16,true,true
op-349,1783280975580012700,1783280975617418400,37.4057,16,true,true
op-350,1783280975600323000,1783280975638236900,37.9139,16,true,true
op-351,1783280975620965400,1783280975657717400,36.7520,16,true,true
op-352,1783280975641254500,1783280975676062000,34.8075,16,true,true
op-353,1783280975661778000,1783280975695811600,34.0336,16,true,true
op-354,1783280975681830800,1783280975716437100,34.6063,16,true,true
op-355,1783280975701919100,1783280975734861700,32.9426,16,true,true
op-356,1783280975722182300,1783280975754677400,32.4951,16,true,true
op-357,1783280975742630800,1783280975777005500,34.3747,16,true,true
op-358,1783280975763293000,1783280975798343300,35.0503,16,true,true
op-359,1783280975783846900,1783280975818395700,34.5488,16,true,true
op-360,1783280975804008400,1783280975838765300,34.7569,16,true,true
op-361,1783280975824560500,1783280975858878300,34.3178,16,true,true
op-362,1783280975844788200,1783280975878601000,33.8128,16,true,true
op-363,1783280975864909400,1783280975900034800,35.1254,16,true,true
op-364,1783280975885163600,1783280975927116400,41.9528,16,true,true
op-365,1783280975905334000,1783280975945093400,39.7594,16,true,true
op-366,1783280975925424200,1783280975960070000,34.6458,16,true,true
op-367,1783280975945597500,1783280975981226900,35.6294,16,true,true
op-368,1783280975966113000,1783280975997901300,31.7883,16,true,true
op-369,1783280975986758400,1783280976020512600,33.7542,16,true,true
op-370,1783280976006931800,1783280976042001600,35.0698,16,true,true
op-371,1783280976027190800,1783280976063902600,36.7118,16,true,true
op-372,1783280976047512700,1783280976084650500,37.1378,16,true,true
op-373,1783280976068058500,1783280976101976700,33.9182,16,true,true
op-374,1783280976088686700,1783280976127159400,38.4727,16,true,true
op-375,1783280976109017400,1783280976138404300,29.3869,16,true,true
op-376,1783280976129472400,1783280976162185900,32.7135,16,true,true
op-377,1783280976150567600,1783280976187849700,37.2821,16,true,true
op-378,1783280976171210300,1783280976207436500,36.2262,16,true,true
op-379,1783280976191631000,1783280976229631700,38.0007,16,true,true
op-380,1783280976211949300,1783280976246200700,34.2514,16,true,true
op-381,1783280976232637800,1783280976265723800,33.0860,16,true,true
op-382,1783280976253243000,1783280976285800300,32.5573,16,true,true
op-383,1783280976273760200,1783280976307961100,34.2009,16,true,true
op-384,1783280976293871000,1783280976326103900,32.2329,16,true,true
op-385,1783280976314510600,1783280976349032200,34.5216,16,true,true
op-386,1783280976334975600,1783280976375894700,40.9191,16,true,true
op-387,1783280976355565100,1783280976398913700,43.3486,16,true,true
op-388,1783280976375894700,1783280976411510700,35.6160,16,true,true
op-389,1783280976396057200,1783280976429313800,33.2566,16,true,true
op-390,1783280976416526100,1783280976454588900,38.0628,16,true,true
op-391,1783280976436840200,1783280976470425500,33.5853,16,true,true
op-392,1783280976457110900,1783280976491546000,34.4351,16,true,true
op-393,1783280976477442900,1783280976511436000,33.9931,16,true,true
op-394,1783280976497633400,1783280976533880300,36.2469,16,true,true
op-395,1783280976517991500,1783280976552883000,34.8915,16,true,true
op-396,1783280976538066300,1783280976574359900,36.2936,16,true,true
op-397,1783280976558925600,1783280976591277200,32.3516,16,true,true
op-398,1783280976579558500,1783280976609693600,30.1351,16,true,true
op-399,1783280976599834300,1783280976637719700,37.8854,16,true,true
op-400,1783280976620281500,1783280976656787300,36.5058,16,true,true
op-401,1783280976640885200,1783280976674202800,33.3176,16,true,true
op-402,1783280976661586200,1783280976701814800,40.2286,16,true,true
op-403,1783280976682216600,1783280976715906700,33.6901,16,true,true
op-404,1783280976702819700,1783280976734513400,31.6937,16,true,true
op-405,1783280976723593900,1783280976754920100,31.3262,16,true,true
op-406,1783280976744064000,1783280976774720500,30.6565,16,true,true
op-407,1783280976764438300,1783280976795896600,31.4583,16,true,true
op-408,1783280976784955600,1783280976816430500,31.4749,16,true,true
op-409,1783280976805294300,1783280976838470100,33.1758,16,true,true
op-410,1783280976825568600,1783280976860242700,34.6741,16,true,true
op-411,1783280976845992900,1783280976880730000,34.7371,16,true,true
op-412,1783280976866351200,1783280976900888300,34.5371,16,true,true
op-413,1783280976886798800,1783280976920578400,33.7796,16,true,true
op-414,1783280976907445200,1783280976940462100,33.0169,16,true,true
op-415,1783280976928105200,1783280976966037900,37.9327,16,true,true
op-416,1783280976948492000,1783280976979486500,30.9945,16,true,true
op-417,1783280976969337200,1783280977009954700,40.6175,16,true,true
op-418,1783280976989870500,1783280977036084500,46.2140,16,true,true
op-419,1783280977009954700,1783280977048970000,39.0153,16,true,true
op-420,1783280977030706500,1783280977067271900,36.5654,16,true,true
op-421,1783280977051030900,1783280977095525400,44.4945,16,true,true
op-422,1783280977071312300,1783280977109355000,38.0427,16,true,true
op-423,1783280977091781700,1783280977127373600,35.5919,16,true,true
op-424,1783280977111876700,1783280977152238600,40.3619,16,true,true
op-425,1783280977131937200,1783280977169912100,37.9749,16,true,true
op-426,1783280977152238600,1783280977188504300,36.2657,16,true,true
op-427,1783280977172422100,1783280977204058700,31.6366,16,true,true
op-428,1783280977192667700,1783280977225040000,32.3723,16,true,true
op-429,1783280977213408900,1783280977250338200,36.9293,16,true,true
op-430,1783280977233926600,1783280977266685400,32.7588,16,true,true
op-431,1783280977254348700,1783280977290354700,36.0060,16,true,true
op-432,1783280977274776000,1783280977305492800,30.7168,16,true,true
op-433,1783280977295283000,1783280977335755500,40.4725,16,true,true
op-434,1783280977315727600,1783280977345941600,30.2140,16,true,true
op-435,1783280977335755500,1783280977367539100,31.7836,16,true,true
op-436,1783280977355995400,1783280977389389700,33.3943,16,true,true
op-437,1783280977376582300,1783280977409118000,32.5357,16,true,true
op-438,1783280977397128000,1783280977432757100,35.6291,16,true,true
op-439,1783280977417164500,1783280977452423800,35.2593,16,true,true
op-440,1783280977437287200,1783280977472601900,35.3147,16,true,true
op-441,1783280977457467600,1783280977497022800,39.5552,16,true,true
op-442,1783280977477583000,1783280977511600400,34.0174,16,true,true
op-443,1783280977498028500,1783280977531071200,33.0427,16,true,true
op-444,1783280977518111900,1783280977551496400,33.3845,16,true,true
op-445,1783280977538699600,1783280977571456900,32.7573,16,true,true
op-446,1783280977559339600,1783280977598487000,39.1474,16,true,true
op-447,1783280977579967500,1783280977610251600,30.2841,16,true,true
op-448,1783280977600508900,1783280977634913700,34.4048,16,true,true
op-449,1783280977621070800,1783280977656418200,35.3474,16,true,true
op-450,1783280977641546100,1783280977674163800,32.6177,16,true,true
op-451,1783280977661661800,1783280977696979200,35.3174,16,true,true
op-452,1783280977682435200,1783280977718116700,35.6815,16,true,true
op-453,1783280977702993000,1783280977736849300,33.8563,16,true,true
op-454,1783280977723400700,1783280977759821000,36.4203,16,true,true
op-455,1783280977743885900,1783280977777969200,34.0833,16,true,true
op-456,1783280977764331500,1783280977800046400,35.7149,16,true,true
op-457,1783280977784458600,1783280977816047700,31.5891,16,true,true
op-458,1783280977804983600,1783280977839374500,34.3909,16,true,true
op-459,1783280977825320700,1783280977861333500,36.0128,16,true,true
op-460,1783280977845456000,1783280977885149500,39.6935,16,true,true
op-461,1783280977865505600,1783280977898023200,32.5176,16,true,true
op-462,1783280977886164200,1783280977922331000,36.1668,16,true,true
op-463,1783280977906566900,1783280977935146000,28.5791,16,true,true
op-464,1783280977926861600,1783280977957885600,31.0240,16,true,true
op-465,1783280977947426800,1783280977984000100,36.5733,16,true,true
op-466,1783280977968460900,1783280978004124100,35.6632,16,true,true
op-467,1783280977988924500,1783280978021301500,32.3770,16,true,true
op-468,1783280978009481600,1783280978046808900,37.3273,16,true,true
op-469,1783280978029841100,1783280978063381600,33.5405,16,true,true
op-470,1783280978050824500,1783280978091273300,40.4488,16,true,true
op-471,1783280978071398300,1783280978126972200,55.5739,16,true,true
op-472,1783280978091786100,1783280978130952800,39.1667,16,true,true
op-473,1783280978112412200,1783280978146529200,34.1170,16,true,true
op-474,1783280978132457900,1783280978166361500,33.9036,16,true,true
op-475,1783280978153068700,1783280978187383000,34.3143,16,true,true
op-476,1783280978173469500,1783280978207746400,34.2769,16,true,true
op-477,1783280978193735400,1783280978228334500,34.5991,16,true,true
op-478,1783280978214262800,1783280978249158700,34.8959,16,true,true
op-479,1783280978234732200,1783280978267885100,33.1529,16,true,true
op-480,1783280978255200100,1783280978293663500,38.4634,16,true,true
op-481,1783280978275417200,1783280978310059600,34.6424,16,true,true
op-482,1783280978295665700,1783280978331222100,35.5564,16,true,true
op-483,1783280978316120400,1783280978353187900,37.0675,16,true,true
op-484,1783280978336773100,1783280978368147000,31.3739,16,true,true
op-485,1783280978357243600,1783280978398093300,40.8497,16,true,true
op-486,1783280978377976900,1783280978410999900,33.0230,16,true,true
op-487,1783280978398093300,1783280978432041600,33.9483,16,true,true
op-488,1783280978418493900,1783280978448491800,29.9979,16,true,true
op-489,1783280978438984900,1783280978477309900,38.3250,16,true,true
op-490,1783280978459538900,1783280978493263800,33.7249,16,true,true
op-491,1783280978479816100,1783280978515865100,36.0490,16,true,true
op-492,1783280978500212500,1783280978533270600,33.0581,16,true,true
op-493,1783280978520607600,1783280978553664700,33.0571,16,true,true
op-494,1783280978540823500,1783280978574554400,33.7309,16,true,true
op-495,1783280978561190100,1783280978594292200,33.1021,16,true,true
op-496,1783280978581432800,1783280978637446700,56.0139,16,true,true
op-497,1783280978602325400,1783280978654420000,52.0946,16,true,true
op-498,1783280978624152000,1783280978672600000,48.4480,16,true,true
op-499,1783280978643393700,1783280978681117500,37.7238,16,true,true
op-500,1783280978663640500,1783280978699699600,36.0591,16,true,true
op-501,1783280978683749400,1783280978717585600,33.8362,16,true,true
op-502,1783280978704350200,1783280978737710700,33.3605,16,true,true
op-503,1783280978724632700,1783280978758391400,33.7587,16,true,true
op-504,1783280978745224400,1783280978780846100,35.6217,16,true,true
op-505,1783280978765653700,1783280978799445400,33.7917,16,true,true
op-506,1783280978786018300,1783280978818821800,32.8035,16,true,true
op-507,1783280978806500500,1783280978840433400,33.9329,16,true,true
op-508,1783280978826867800,1783280978857546800,30.6790,16,true,true
op-509,1783280978847741600,1783280978879469800,31.7282,16,true,true
op-510,1783280978868605700,1783280978897628400,29.0227,16,true,true
op-511,1783280978889014500,1783280978918424100,29.4096,16,true,true
op-512,1783280978909393500,1783280978939445100,30.0516,16,true,true
op-513,1783280978930002900,1783280978961106100,31.1032,16,true,true
op-514,1783280978950034900,1783280978978618800,28.5839,16,true,true
op-515,1783280978970593300,1783280979002433500,31.8402,16,true,true
op-516,1783280978990996300,1783280979020785100,29.7888,16,true,true
op-517,1783280979011225200,1783280979044807900,33.5827,16,true,true
op-518,1783280979031577800,1783280979065246000,33.6682,16,true,true
op-519,1783280979051966300,1783280979084285300,32.3190,16,true,true
op-520,1783280979072207800,1783280979107448100,35.2403,16,true,true
op-521,1783280979092569700,1783280979121520100,28.9504,16,true,true
op-522,1783280979112993500,1783280979146653900,33.6604,16,true,true
op-523,1783280979133246800,1783280979165661400,32.4146,16,true,true
op-524,1783280979153676500,1783280979185698100,32.0216,16,true,true
op-525,1783280979173930300,1783280979207531000,33.6007,16,true,true
op-526,1783280979194224200,1783280979225341100,31.1169,16,true,true
op-527,1783280979214755300,1783280979243322400,28.5671,16,true,true
op-528,1783280979235083800,1783280979269632900,34.5491,16,true,true
op-529,1783280979255740500,1783280979284498800,28.7583,16,true,true
op-530,1783280979276190300,1783280979308003300,31.8130,16,true,true
op-531,1783280979296549200,1783280979323676500,27.1273,16,true,true
op-532,1783280979316995000,1783280979351742500,34.7475,16,true,true
op-533,1783280979337570600,1783280979372519000,34.9484,16,true,true
op-534,1783280979358039200,1783280979386878800,28.8396,16,true,true
op-535,1783280979378054100,1783280979407204900,29.1508,16,true,true
op-536,1783280979398440200,1783280979428767100,30.3269,16,true,true
op-537,1783280979418799200,1783280979447525100,28.7259,16,true,true
op-538,1783280979439162300,1783280979471402000,32.2397,16,true,true
op-539,1783280979459350000,1783280979488082600,28.7326,16,true,true
op-540,1783280979479937300,1783280979511945200,32.0079,16,true,true
op-541,1783280979499954900,1783280979529336400,29.3815,16,true,true
op-542,1783280979520571500,1783280979549860100,29.2886,16,true,true
op-543,1783280979541084100,1783280979573656300,32.5722,16,true,true
op-544,1783280979561664000,1783280979594567900,32.9039,16,true,true
op-545,1783280979582184700,1783280979611227300,29.0426,16,true,true
op-546,1783280979602447300,1783280979633575700,31.1284,16,true,true
op-547,1783280979622773900,1783280979655875300,33.1014,16,true,true
op-548,1783280979643139700,1783280979675710800,32.5711,16,true,true
op-549,1783280979663324000,1783280979698076100,34.7521,16,true,true
op-550,1783280979683749000,1783280979717327100,33.5781,16,true,true
op-551,1783280979704264700,1783280979735765200,31.5005,16,true,true
op-552,1783280979724366300,1783280979757493800,33.1275,16,true,true
op-553,1783280979744536800,1783280979774277300,29.7405,16,true,true
op-554,1783280979765076700,1783280979794821800,29.7451,16,true,true
op-555,1783280979785771500,1783280979818317500,32.5460,16,true,true
op-556,1783280979806390100,1783280979840745200,34.3551,16,true,true
op-557,1783280979826683500,1783280979861840700,35.1572,16,true,true
op-558,1783280979847278400,1783280979883478700,36.2003,16,true,true
op-559,1783280979867462700,1783280979897923400,30.4607,16,true,true
op-560,1783280979887763900,1783280979919626200,31.8623,16,true,true
op-561,1783280979907968400,1783280979936170200,28.2018,16,true,true
op-562,1783280979928611100,1783280979957725600,29.1145,16,true,true
op-563,1783280979949389200,1783280979978208900,28.8197,16,true,true
op-564,1783280979969675200,1783280979999764100,30.0889,16,true,true
op-565,1783280979990220900,1783280980020706400,30.4855,16,true,true
op-566,1783280980010666800,1783280980040559000,29.8922,16,true,true
op-567,1783280980030751600,1783280980060716100,29.9645,16,true,true
op-568,1783280980051684200,1783280980084343100,32.6589,16,true,true
op-569,1783280980071964400,1783280980105290000,33.3256,16,true,true
op-570,1783280980092593400,1783280980125844600,33.2512,16,true,true
op-571,1783280980112989400,1783280980143324200,30.3348,16,true,true
op-572,1783280980133743600,1783280980164530600,30.7870,16,true,true
op-573,1783280980154255600,1783280980188535200,34.2796,16,true,true
op-574,1783280980174576200,1783280980203540900,28.9647,16,true,true
op-575,1783280980194986900,1783280980226055800,31.0689,16,true,true
op-576,1783280980215839900,1783280980247739700,31.8998,16,true,true
op-577,1783280980236280100,1783280980270057200,33.7771,16,true,true
op-578,1783280980256404300,1783280980297145800,40.7415,16,true,true
op-579,1783280980276579300,1783280980306933200,30.3539,16,true,true
op-580,1783280980296793300,1783280980324842600,28.0493,16,true,true
op-581,1783280980316860400,1783280980350138000,33.2776,16,true,true
op-582,1783280980337104800,1783280980371064600,33.9598,16,true,true
op-583,1783280980357349000,1783280980384421000,27.0720,16,true,true
op-584,1783280980377577700,1783280980409107400,31.5297,16,true,true
op-585,1783280980398067200,1783280980427243600,29.1764,16,true,true
op-586,1783280980418205500,1783280980449384800,31.1793,16,true,true
op-587,1783280980438296900,1783280980470061000,31.7641,16,true,true
op-588,1783280980458806000,1783280980488862400,30.0564,16,true,true
op-589,1783280980479098100,1783280980514083000,34.9849,16,true,true
op-590,1783280980499497900,1783280980534967100,35.4692,16,true,true
op-591,1783280980520243500,1783280980557763800,37.5203,16,true,true
op-592,1783280980540630000,1783280980575842700,35.2127,16,true,true
op-593,1783280980561282900,1783280980590739400,29.4565,16,true,true
op-594,1783280980582230900,1783280980614676500,32.4456,16,true,true
op-595,1783280980602486500,1783280980631029500,28.5430,16,true,true
op-596,1783280980622999000,1783280980657548900,34.5499,16,true,true
op-597,1783280980643496200,1783280980677402300,33.9061,16,true,true
op-598,1783280980663572400,1783280980693918200,30.3458,16,true,true
op-599,1783280980683903500,1783280980713014900,29.1114,16,true,true
op-600,1783280980703990900,1783280980736773600,32.7827,16,true,true
op-601,1783280980724551700,1783280980754931700,30.3800,16,true,true
op-602,1783280980745086000,1783280980776914100,31.8281,16,true,true
op-603,1783280980765556800,1783280980799325200,33.7684,16,true,true
op-604,1783280980785934600,1783280980818275000,32.3404,16,true,true
op-605,1783280980806362800,1783280980835081500,28.7187,16,true,true
op-606,1783280980827046500,1783280980856442200,29.3957,16,true,true
op-607,1783280980847776300,1783280980876911400,29.1351,16,true,true
op-608,1783280980868097500,1783280980899462700,31.3652,16,true,true
op-609,1783280980889717800,1783280980917849300,28.1315,16,true,true
op-610,1783280980910130000,1783280980943597400,33.4674,16,true,true
op-611,1783280980930432800,1783280980958376700,27.9439,16,true,true
op-612,1783280980951117800,1783280980982014000,30.8962,16,true,true
op-613,1783280980971839000,1783280980999094100,27.2551,16,true,true
op-614,1783280980992568400,1783280981021152900,28.5845,16,true,true
op-615,1783280981012920700,1783280981043353100,30.4324,16,true,true
op-616,1783280981033623400,1783280981066264400,32.6410,16,true,true
op-617,1783280981053858600,1783280981085357000,31.4984,16,true,true
op-618,1783280981074138200,1783280981108707000,34.5688,16,true,true
op-619,1783280981094401100,1783280981127978500,33.5774,16,true,true
op-620,1783280981114946100,1783280981146808300,31.8622,16,true,true
op-621,1783280981135014500,1783280981165165400,30.1509,16,true,true
op-622,1783280981155613800,1783280981185261500,29.6477,16,true,true
op-623,1783280981176224300,1783280981211128100,34.9038,16,true,true
op-624,1783280981196403800,1783280981234150600,37.7468,16,true,true
op-625,1783280981216643700,1783280981251686100,35.0424,16,true,true
op-626,1783280981237178100,1783280981277176600,39.9985,16,true,true
op-627,1783280981257513200,1783280981288973400,31.4602,16,true,true
op-628,1783280981278176800,1783280981308061500,29.8847,16,true,true
op-629,1783280981298504900,1783280981326617700,28.1128,16,true,true
op-630,1783280981318589200,1783280981348522400,29.9332,16,true,true
op-631,1783280981338808600,1783280981368011600,29.2030,16,true,true
op-632,1783280981359067700,1783280981389977400,30.9097,16,true,true
op-633,1783280981379081600,1783280981409245000,30.1634,16,true,true
op-634,1783280981399285300,1783280981428329400,29.0441,16,true,true
op-635,1783280981420004900,1783280981450520700,30.5158,16,true,true
op-636,1783280981440666500,1783280981469566100,28.8996,16,true,true
op-637,1783280981461248700,1783280981490876700,29.6280,16,true,true
op-638,1783280981481778300,1783280981511902000,30.1237,16,true,true
op-639,1783280981502329500,1783280981532355400,30.0259,16,true,true
op-640,1783280981522716100,1783280981556805600,34.0895,16,true,true
op-641,1783280981542922000,1783280981575908700,32.9867,16,true,true
op-642,1783280981563339000,1783280981600129600,36.7906,16,true,true
op-643,1783280981583454000,1783280981615196200,31.7422,16,true,true
op-644,1783280981603661100,1783280981635732600,32.0715,16,true,true
op-645,1783280981623694300,1783280981651811100,28.1168,16,true,true
op-646,1783280981644275200,1783280981673964300,29.6891,16,true,true
op-647,1783280981664649200,1783280981693190800,28.5416,16,true,true
op-648,1783280981685035200,1783280981714131200,29.0960,16,true,true
op-649,1783280981705093600,1783280981732727700,27.6341,16,true,true
op-650,1783280981725475600,1783280981761952100,36.4765,16,true,true
op-651,1783280981745596900,1783280981787795500,42.1986,16,true,true
op-652,1783280981765959800,1783280981795585800,29.6260,16,true,true
op-653,1783280981786285800,1783280981815603900,29.3181,16,true,true
op-654,1783280981807134900,1783280981835699900,28.5650,16,true,true
op-655,1783280981827851700,1783280981857350200,29.4985,16,true,true
op-656,1783280981848561800,1783280981877546300,28.9845,16,true,true
op-657,1783280981869005600,1783280981905481700,36.4761,16,true,true
op-658,1783280981889523300,1783280981924380800,34.8575,16,true,true
op-659,1783280981909991100,1783280981945404600,35.4135,16,true,true
op-660,1783280981930418700,1783280981964586700,34.1680,16,true,true
op-661,1783280981950928500,1783280981978931200,28.0027,16,true,true
op-662,1783280981971221900,1783280982001544500,30.3226,16,true,true
op-663,1783280981991480200,1783280982027905200,36.4250,16,true,true
op-664,1783280982011861400,1783280982046073900,34.2125,16,true,true
op-665,1783280982032257000,1783280982059542700,27.2857,16,true,true
op-666,1783280982052748000,1783280982081687100,28.9391,16,true,true
op-667,1783280982073366000,1783280982103306800,29.9408,16,true,true
op-668,1783280982093755200,1783280982130081000,36.3258,16,true,true
op-669,1783280982113872400,1783280982144170000,30.2976,16,true,true
op-670,1783280982134080700,1783280982161528400,27.4477,16,true,true
op-671,1783280982154718900,1783280982184872100,30.1532,16,true,true
op-672,1783280982175441100,1783280982205779500,30.3384,16,true,true
op-673,1783280982195932200,1783280982225030800,29.0986,16,true,true
op-674,1783280982216498900,1783280982246178400,29.6795,16,true,true
op-675,1783280982236865200,1783280982266890400,30.0252,16,true,true
op-676,1783280982257341900,1783280982284468700,27.1268,16,true,true
op-677,1783280982277946100,1783280982307300800,29.3547,16,true,true
op-678,1783280982298586100,1783280982326746200,28.1601,16,true,true
op-679,1783280982319209200,1783280982347252200,28.0430,16,true,true
op-680,1783280982339222200,1783280982366165500,26.9433,16,true,true
op-681,1783280982359651300,1783280982392343600,32.6923,16,true,true
op-682,1783280982380970800,1783280982409250800,28.2800,16,true,true
op-683,1783280982401694900,1783280982436214800,34.5199,16,true,true
op-684,1783280982421941200,1783280982457441400,35.5002,16,true,true
op-685,1783280982442656200,1783280982478463100,35.8069,16,true,true
op-686,1783280982462792200,1783280982498541200,35.7490,16,true,true
op-687,1783280982482973900,1783280982517266900,34.2930,16,true,true
op-688,1783280982503512800,1783280982530690500,27.1777,16,true,true
op-689,1783280982523583500,1783280982552965500,29.3820,16,true,true
op-690,1783280982544281600,1783280982577114500,32.8329,16,true,true
op-691,1783280982565031400,1783280982592196800,27.1654,16,true,true
op-692,1783280982585672200,1783280982621172500,35.5003,16,true,true
op-693,1783280982607006900,1783280982641280600,34.2737,16,true,true
op-694,1783280982627388600,1783280982661490300,34.1017,16,true,true
op-695,1783280982647755900,1783280982678573400,30.8175,16,true,true
op-696,1783280982668006200,1783280982697340100,29.3339,16,true,true
op-697,1783280982688178300,1783280982716041200,27.8629,16,true,true
op-698,1783280982708868300,1783280982738699100,29.8308,16,true,true
op-699,1783280982729266900,1783280982758805600,29.5387,16,true,true
op-700,1783280982749747800,1783280982780442200,30.6944,16,true,true
op-701,1783280982771160900,1783280982802261200,31.1003,16,true,true
op-702,1783280982791717100,1783280982821480300,29.7632,16,true,true
op-703,1783280982812274200,1783280982842411200,30.1370,16,true,true
op-704,1783280982832855200,1783280982863198500,30.3433,16,true,true
op-705,1783280982853643400,1783280982883757000,30.1136,16,true,true
op-706,1783280982874218800,1783280982902844300,28.6255,16,true,true
op-707,1783280982894419900,1783280982924412500,29.9926,16,true,true
op-708,1783280982914859100,1783280982945136500,30.2774,16,true,true
op-709,1783280982935602800,1783280982963326700,27.7239,16,true,true
op-710,1783280982956188100,1783280982983436200,27.2481,16,true,true
op-711,1783280982976391000,1783280983005230300,28.8393,16,true,true
op-712,1783280982996934500,1783280983025209000,28.2745,16,true,true
op-713,1783280983017241200,1783280983048828800,31.5876,16,true,true
op-714,1783280983037457900,1783280983072701000,35.2431,16,true,true
op-715,1783280983057932100,1783280983086444100,28.5120,16,true,true
op-716,1783280983078278500,1783280983107752200,29.4737,16,true,true
op-717,1783280983098450900,1783280983128589900,30.1390,16,true,true
op-718,1783280983118789000,1783280983147756800,28.9678,16,true,true
op-719,1783280983139460400,1783280983166900900,27.4405,16,true,true
op-720,1783280983160019800,1783280983189382200,29.3624,16,true,true
op-721,1783280983180601300,1783280983212069700,31.4684,16,true,true
op-722,1783280983201274400,1783280983230372100,29.0977,16,true,true
op-723,1783280983221619300,1783280983256233700,34.6144,16,true,true
op-724,1783280983242932600,1783280983272475600,29.5430,16,true,true
op-725,1783280983263322100,1783280983297215400,33.8933,16,true,true
op-726,1783280983284070700,1783280983314050100,29.9794,16,true,true
op-727,1783280983304757100,1783280983333180300,28.4232,16,true,true
op-728,1783280983325223800,1783280983354072000,28.8482,16,true,true
op-729,1783280983345869900,1783280983376573200,30.7033,16,true,true
op-730,1783280983366153800,1783280983393526600,27.3728,16,true,true
op-731,1783280983386647500,1783280983417212300,30.5648,16,true,true
op-732,1783280983406897200,1783280983436824000,29.9268,16,true,true
op-733,1783280983427280800,1783280983457230900,29.9501,16,true,true
op-734,1783280983447871800,1783280983475956700,28.0849,16,true,true
op-735,1783280983468302000,1783280983505760500,37.4585,16,true,true
op-736,1783280983488784600,1783280983524357900,35.5733,16,true,true
op-737,1783280983509286800,1783280983538345600,29.0588,16,true,true
op-738,1783280983529454000,1783280983559672900,30.2189,16,true,true
op-739,1783280983549924000,1783280983579710400,29.7864,16,true,true
op-740,1783280983570594200,1783280983599811200,29.2170,16,true,true
op-741,1783280983590959800,1783280983620912500,29.9527,16,true,true
op-742,1783280983611356300,1783280983640514400,29.1581,16,true,true
op-743,1783280983631955400,1783280983661309700,29.3543,16,true,true
op-744,1783280983652341000,1783280983683278700,30.9377,16,true,true
op-745,1783280983673392000,1783280983701537500,28.1455,16,true,true
op-746,1783280983693765300,1783280983723267100,29.5018,16,true,true
op-747,1783280983714343900,1783280983743884400,29.5405,16,true,true
op-748,1783280983734820300,1783280983770163500,35.3432,16,true,true
op-749,1783280983755186100,1783280983785727700,30.5416,16,true,true
op-750,1783280983775543500,1783280983806460800,30.9173,16,true,true
op-751,1783280983795754600,1783280983823257000,27.5024,16,true,true
op-752,1783280983816218400,1783280983845725800,29.5074,16,true,true
op-753,1783280983836568000,1783280983865047400,28.4794,16,true,true
op-754,1783280983857501200,1783280983888109600,30.6084,16,true,true
op-755,1783280983877997200,1783280983906420900,28.4237,16,true,true
op-756,1783280983898372000,1783280983927832200,29.4602,16,true,true
op-757,1783280983918980600,1783280983947193700,28.2131,16,true,true
op-758,1783280983939442300,1783280983968726600,29.2843,16,true,true
op-759,1783280983959950800,1783280983988871200,28.9204,16,true,true
op-760,1783280983980372200,1783280984014496800,34.1246,16,true,true
op-761,1783280984000428700,1783280984030889300,30.4606,16,true,true
op-762,1783280984020867100,1783280984048508200,27.6411,16,true,true
op-763,1783280984041448700,1783280984071125300,29.6766,16,true,true
op-764,1783280984062081900,1783280984092381800,30.2999,16,true,true
op-765,1783280984082378500,1783280984111416300,29.0378,16,true,true
op-766,1783280984102389700,1783280984132028600,29.6389,16,true,true
op-767,1783280984123059200,1783280984153265400,30.2062,16,true,true
op-768,1783280984143848400,1783280984172749300,28.9009,16,true,true
op-769,1783280984163923800,1783280984191259500,27.3357,16,true,true
op-770,1783280984184737600,1783280984213743300,29.0057,16,true,true
op-771,1783280984205107300,1783280984234831100,29.7238,16,true,true
op-772,1783280984225330600,1783280984254406800,29.0762,16,true,true
op-773,1783280984245880900,1783280984276727500,30.8466,16,true,true
op-774,1783280984266432400,1783280984296633400,30.2010,16,true,true
op-775,1783280984286779500,1783280984316328500,29.5490,16,true,true
op-776,1783280984307700100,1783280984337014400,29.3143,16,true,true
op-777,1783280984328228200,1783280984356362600,28.1344,16,true,true
op-778,1783280984348834700,1783280984376660600,27.8259,16,true,true
op-779,1783280984369119400,1783280984398055200,28.9358,16,true,true
op-780,1783280984389567900,1783280984418099400,28.5315,16,true,true
op-781,1783280984409867000,1783280984439489100,29.6221,16,true,true
op-782,1783280984430424500,1783280984459625800,29.2013,16,true,true
op-783,1783280984450838300,1783280984483598000,32.7597,16,true,true
op-784,1783280984471235700,1783280984505771200,34.5355,16,true,true
op-785,1783280984491741900,1783280984525228700,33.4868,16,true,true
op-786,1783280984512321600,1783280984545658800,33.3372,16,true,true
op-787,1783280984532547800,1783280984568380800,35.8330,16,true,true
op-788,1783280984553229800,1783280984581562200,28.3324,16,true,true
op-789,1783280984573470200,1783280984607210100,33.7399,16,true,true
op-790,1783280984593629000,1783280984627233000,33.6040,16,true,true
op-791,1783280984613896500,1783280984649154400,35.2579,16,true,true
op-792,1783280984634153500,1783280984665123100,30.9696,16,true,true
op-793,1783280984654710400,1783280984684291800,29.5814,16,true,true
op-794,1783280984675294500,1783280984706668400,31.3739,16,true,true
op-795,1783280984696131100,1783280984727193600,31.0625,16,true,true
op-796,1783280984716455100,1783280984745791800,29.3367,16,true,true
op-797,1783280984736744800,1783280984767898500,31.1537,16,true,true
op-798,1783280984756982500,1783280984788532100,31.5496,16,true,true
op-799,1783280984777686300,1783280984806755500,29.0692,16,true,true
op-800,1783280984798058700,1783280984829128800,31.0701,16,true,true
op-801,1783280984818589700,1783280984848436300,29.8466,16,true,true
op-802,1783280984839216200,1783280984867208300,27.9921,16,true,true
op-803,1783280984859659200,1783280984888708500,29.0493,16,true,true
op-804,1783280984879982700,1783280984910221000,30.2383,16,true,true
op-805,1783280984900276500,1783280984929847200,29.5707,16,true,true
op-806,1783280984920777700,1783280984948057000,27.2793,16,true,true
op-807,1783280984941390300,1783280984971141000,29.7507,16,true,true
op-808,1783280984961560400,1783280984991272900,29.7125,16,true,true
op-809,1783280984982176600,1783280985011734800,29.5582,16,true,true
op-810,1783280985002358400,1783280985031381200,29.0228,16,true,true
op-811,1783280985022740800,1783280985051292200,28.5514,16,true,true
op-812,1783280985043287800,1783280985073320500,30.0327,16,true,true
op-813,1783280985063584800,1783280985092913700,29.3289,16,true,true
op-814,1783280985083990500,1783280985113656200,29.6657,16,true,true
op-815,1783280985104265800,1783280985136409100,32.1433,16,true,true
op-816,1783280985124758900,1783280985159763000,35.0041,16,true,true
op-817,1783280985145194900,1783280985178383200,33.1883,16,true,true
op-818,1783280985165837700,1783280985197613700,31.7760,16,true,true
op-819,1783280985185920900,1783280985213676800,27.7559,16,true,true
op-820,1783280985206655600,1783280985235613300,28.9577,16,true,true
op-821,1783280985227548000,1783280985257017000,29.4690,16,true,true
op-822,1783280985248280200,1783280985276234400,27.9542,16,true,true
op-823,1783280985269188800,1783280985297752700,28.5639,16,true,true
op-824,1783280985289700100,1783280985319816600,30.1165,16,true,true
op-825,1783280985310568000,1783280985339317100,28.7491,16,true,true
op-826,1783280985330782100,1783280985361156500,30.3744,16,true,true
op-827,1783280985352102300,1783280985381412900,29.3106,16,true,true
op-828,1783280985372141400,1783280985402687400,30.5460,16,true,true
op-829,1783280985392732200,1783280985424152900,31.4207,16,true,true
op-830,1783280985413031500,1783280985445481300,32.4498,16,true,true
op-831,1783280985433433300,1783280985464599000,31.1657,16,true,true
op-832,1783280985453662300,1783280985481372500,27.7102,16,true,true
op-833,1783280985474392400,1783280985503472600,29.0802,16,true,true
op-834,1783280985494944300,1783280985524637300,29.6930,16,true,true
op-835,1783280985515889200,1783280985546539000,30.6498,16,true,true
op-836,1783280985536411600,1783280985565403700,28.9921,16,true,true
op-837,1783280985557104000,1783280985585592100,28.4881,16,true,true
op-838,1783280985577559200,1783280985608345000,30.7858,16,true,true
op-839,1783280985598056300,1783280985629783100,31.7268,16,true,true
op-840,1783280985618117800,1783280985647344900,29.2271,16,true,true
op-841,1783280985638625700,1783280985672508300,33.8826,16,true,true
op-842,1783280985658784300,1783280985688883500,30.0992,16,true,true
op-843,1783280985679300400,1783280985708562100,29.2617,16,true,true
op-844,1783280985699698300,1783280985728242400,28.5441,16,true,true
op-845,1783280985720209100,1783280985750362900,30.1538,16,true,true
op-846,1783280985740819700,1783280985768963100,28.1434,16,true,true
op-847,1783280985760902000,1783280985793625100,32.7231,16,true,true
op-848,1783280985781731400,1783280985810759600,29.0282,16,true,true
op-849,1783280985802226900,1783280985832186800,29.9599,16,true,true
op-850,1783280985822639400,1783280985851357400,28.7180,16,true,true
op-851,1783280985842849800,1783280985872723000,29.8732,16,true,true
op-852,1783280985863090400,1783280985890932100,27.8417,16,true,true
op-853,1783280985883301500,1783280985910917700,27.6162,16,true,true
op-854,1783280985903896200,1783280985937229500,33.3333,16,true,true
op-855,1783280985924335600,1783280985954619000,30.2834,16,true,true
op-856,1783280985944823000,1783280985971926700,27.1037,16,true,true
op-857,1783280985965171200,1783280985995145800,29.9746,16,true,true
op-858,1783280985985823000,1783280986015772100,29.9491,16,true,true
op-859,1783280986006205600,1783280986034342300,28.1367,16,true,true
op-860,1783280986026845300,1783280986056462500,29.6172,16,true,true
op-861,1783280986047099200,1783280986077929400,30.8302,16,true,true
op-862,1783280986067607500,1783280986102447900,34.8404,16,true,true
op-863,1783280986087975500,1783280986117121000,29.1455,16,true,true
op-864,1783280986108546100,1783280986137776000,29.2299,16,true,true
op-865,1783280986128739200,1783280986158230400,29.4912,16,true,true
op-866,1783280986149317100,1783280986179456000,30.1389,16,true,true
op-867,1783280986170693900,1783280986203298400,32.6045,16,true,true
op-868,1783280986191259900,1783280986223471300,32.2114,16,true,true
op-869,1783280986211813700,1783280986246329700,34.5160,16,true,true
op-870,1783280986232025000,1783280986260487200,28.4622,16,true,true
op-871,1783280986252715500,1783280986283747600,31.0321,16,true,true
op-872,1783280986273112100,1783280986302557800,29.4457,16,true,true
op-873,1783280986293693700,1783280986323014000,29.3203,16,true,true
op-874,1783280986314161800,1783280986342929700,28.7679,16,true,true
op-875,1783280986334778400,1783280986363881600,29.1032,16,true,true
op-876,1783280986355307400,1783280986384731500,29.4241,16,true,true
op-877,1783280986376704200,1783280986406089800,29.3856,16,true,true
op-878,1783280986397010500,1783280986425698700,28.6882,16,true,true
op-879,1783280986417503000,1783280986448134600,30.6316,16,true,true
op-880,1783280986437879400,1783280986467872300,29.9929,16,true,true
op-881,1783280986458336300,1783280986488668700,30.3324,16,true,true
op-882,1783280986478987900,1783280986507680200,28.6923,16,true,true
op-883,1783280986499230400,1783280986527572900,28.3425,16,true,true
op-884,1783280986519463800,1783280986548781100,29.3173,16,true,true
op-885,1783280986540234200,1783280986569264900,29.0307,16,true,true
op-886,1783280986560740500,1783280986588718200,27.9777,16,true,true
op-887,1783280986580862000,1783280986609535100,28.6731,16,true,true
op-888,1783280986601667400,1783280986631494300,29.8269,16,true,true
op-889,1783280986622090600,1783280986653091000,31.0004,16,true,true
op-890,1783280986642521400,1783280986671672200,29.1508,16,true,true
op-891,1783280986662906900,1783280986692409400,29.5025,16,true,true
op-892,1783280986683609200,1783280986713173000,29.5638,16,true,true
op-893,1783280986704259700,1783280986736301100,32.0414,16,true,true
op-894,1783280986724788400,1783280986756206400,31.4180,16,true,true
op-895,1783280986745393100,1783280986775466400,30.0733,16,true,true
op-896,1783280986765913300,1783280986803302300,37.3890,16,true,true
op-897,1783280986786519400,1783280986820339000,33.8196,16,true,true
op-898,1783280986807197900,1783280986840731300,33.5334,16,true,true
op-899,1783280986827434900,1783280986854444000,27.0091,16,true,true
op-900,1783280986847812700,1783280986877422100,29.6094,16,true,true
op-901,1783280986868049800,1783280986899409400,31.3596,16,true,true
op-902,1783280986888142400,1783280986918347500,30.2051,16,true,true
op-903,1783280986908817700,1783280986941972700,33.1550,16,true,true
op-904,1783280986929418000,1783280986960967200,31.5492,16,true,true
op-905,1783280986950144300,1783280986980535400,30.3911,16,true,true
op-906,1783280986971503500,1783280987002863500,31.3600,16,true,true
op-907,1783280986991650000,1783280987023327500,31.6775,16,true,true
op-908,1783280987012035300,1783280987040593600,28.5583,16,true,true
op-909,1783280987032574300,1783280987063338800,30.7645,16,true,true
op-910,1783280987053162500,1783280987081050300,27.8878,16,true,true
op-911,1783280987073527000,1783280987101657800,28.1308,16,true,true
op-912,1783280987093679900,1783280987121829600,28.1497,16,true,true
op-913,1783280987113919800,1783280987144737500,30.8177,16,true,true
op-914,1783280987135328400,1783280987165114600,29.7862,16,true,true
op-915,1783280987155906600,1783280987183358800,27.4522,16,true,true
op-916,1783280987176517300,1783280987206460200,29.9429,16,true,true
op-917,1783280987196938500,1783280987227926600,30.9881,16,true,true
op-918,1783280987217214900,1783280987253188900,35.9740,16,true,true
op-919,1783280987237376100,1783280987271224800,33.8487,16,true,true
op-920,1783280987257954100,1783280987291690800,33.7367,16,true,true
op-921,1783280987278356400,1783280987311973800,33.6174,16,true,true
op-922,1783280987298933800,1783280987329008100,30.0743,16,true,true
op-923,1783280987319257400,1783280987348457600,29.2002,16,true,true
op-924,1783280987339563900,1783280987370393900,30.8300,16,true,true
op-925,1783280987360097700,1783280987390633700,30.5360,16,true,true
op-926,1783280987380619800,1783280987411239400,30.6196,16,true,true
op-927,1783280987400887800,1783280987430542400,29.6546,16,true,true
op-928,1783280987421240300,1783280987450662600,29.4223,16,true,true
op-929,1783280987441616200,1783280987470340500,28.7243,16,true,true
op-930,1783280987461620700,1783280987493198300,31.5776,16,true,true
op-931,1783280987482362000,1783280987515078400,32.7164,16,true,true
op-932,1783280987502615900,1783280987534233100,31.6172,16,true,true
op-933,1783280987523129000,1783280987553171800,30.0428,16,true,true
op-934,1783280987543754300,1783280987573651600,29.8973,16,true,true
op-935,1783280987564413800,1783280987593645600,29.2318,16,true,true
op-936,1783280987584893400,1783280987613894300,29.0009,16,true,true
op-937,1783280987605519700,1783280987635247800,29.7281,16,true,true
op-938,1783280987626622100,1783280987659936300,33.3142,16,true,true
op-939,1783280987647305000,1783280987678989000,31.6840,16,true,true
op-940,1783280987667976700,1783280987697066400,29.0897,16,true,true
op-941,1783280987688116100,1783280987719848400,31.7323,16,true,true
op-942,1783280987708312800,1783280987736841400,28.5286,16,true,true
op-943,1783280987729325700,1783280987760249200,30.9235,16,true,true
op-944,1783280987749638000,1783280987782178700,32.5407,16,true,true
op-945,1783280987770199300,1783280987800012100,29.8128,16,true,true
op-946,1783280987790779800,1783280987820284500,29.5047,16,true,true
op-947,1783280987811515500,1783280987840764500,29.2490,16,true,true
op-948,1783280987831879000,1783280987861307200,29.4282,16,true,true
op-949,1783280987852360200,1783280987882200800,29.8406,16,true,true
op-950,1783280987872882600,1783280987902019000,29.1364,16,true,true
op-951,1783280987893313500,1783280987919854300,26.5408,16,true,true
op-952,1783280987913828700,1783280987942029600,28.2009,16,true,true
op-953,1783280987934160500,1783280987964523200,30.3627,16,true,true
op-954,1783280987954863800,1783280987986062300,31.1985,16,true,true
op-955,1783280987975039300,1783280988004678400,29.6391,16,true,true
op-956,1783280987995628100,1783280988026313300,30.6852,16,true,true
op-957,1783280988016075100,1783280988044607600,28.5325,16,true,true
op-958,1783280988036354100,1783280988065079000,28.7249,16,true,true
op-959,1783280988056550600,1783280988084785700,28.2351,16,true,true
op-960,1783280988077236300,1783280988107558800,30.3225,16,true,true
op-961,1783280988097756000,1783280988128684600,30.9286,16,true,true
op-962,1783280988118117500,1783280988147624700,29.5072,16,true,true
op-963,1783280988138316200,1783280988165593600,27.2774,16,true,true
op-964,1783280988158690400,1783280988187633400,28.9430,16,true,true
op-965,1783280988179188800,1783280988212535800,33.3470,16,true,true
op-966,1783280988199381400,1783280988231699000,32.3176,16,true,true
op-967,1783280988219727700,1783280988248489700,28.7620,16,true,true
op-968,1783280988240007600,1783280988270566100,30.5585,16,true,true
op-969,1783280988260028600,1783280988290712400,30.6838,16,true,true
op-970,1783280988281670200,1783280988307806400,26.1362,16,true,true
op-971,1783280988302275600,1783280988331274800,28.9992,16,true,true
op-972,1783280988322538600,1783280988351129400,28.5908,16,true,true
op-973,1783280988342837100,1783280988371855900,29.0188,16,true,true
op-974,1783280988363279900,1783280988391951600,28.6717,16,true,true
op-975,1783280988383656000,1783280988413337700,29.6817,16,true,true
op-976,1783280988403967300,1783280988432603000,28.6357,16,true,true
op-977,1783280988424827800,1783280988454542200,29.7144,16,true,true
op-978,1783280988445504700,1783280988475280300,29.7756,16,true,true
op-979,1783280988466364000,1783280988498038600,31.6746,16,true,true
op-980,1783280988486846800,1783280988520088300,33.2415,16,true,true
op-981,1783280988507584900,1783280988533946500,26.3616,16,true,true
op-982,1783280988528116900,1783280988558087700,29.9708,16,true,true
op-983,1783280988548535600,1783280988575126900,26.5913,16,true,true
op-984,1783280988569109100,1783280988596105600,26.9965,16,true,true
op-985,1783280988589590600,1783280988618407000,28.8164,16,true,true
op-986,1783280988610233000,1783280988637744100,27.5111,16,true,true
op-987,1783280988630555900,1783280988660585000,30.0291,16,true,true
op-988,1783280988651211000,1783280988677944600,26.7336,16,true,true
op-989,1783280988671639400,1783280988700517600,28.8782,16,true,true
op-990,1783280988691670900,1783280988717781600,26.1107,16,true,true
op-991,1783280988712088900,1783280988740361100,28.2722,16,true,true
op-992,1783280988732343300,1783280988760689500,28.3462,16,true,true
op-993,1783280988752643000,1783280988781490800,28.8478,16,true,true
op-994,1783280988772975500,1783280988801639400,28.6639,16,true,true
op-995,1783280988793084500,1783280988821365900,28.2814,16,true,true
op-996,1783280988813637800,1783280988843086500,29.4487,16,true,true
op-997,1783280988834003700,1783280988863478400,29.4747,16,true,true
op-998,1783280988854168400,1783280988882816500,28.6481,16,true,true
op-999,1783280988874559900,1783280988900950100,26.3902,16,true,true
op-1000,1783280988894900700,1783280988923385700,28.4850,16,true,true
op-1001,1783280988915345500,1783280988941262700,25.9172,16,true,true
op-1002,1783280988935736200,1783280988965555100,29.8189,16,true,true
op-1003,1783280988956057600,1783280988984217900,28.1603,16,true,true
op-1004,1783280988976094900,1783280989008440500,32.3456,16,true,true
op-1005,1783280988996296700,1783280989030292900,33.9962,16,true,true
op-1006,1783280989017114400,1783280989043508600,26.3942,16,true,true
op-1007,1783280989037552100,1783280989064047000,26.4949,16,true,true
op-1008,1783280989058196500,1783280989091319300,33.1228,16,true,true
op-1009,1783280989078525200,1783280989106580000,28.0548,16,true,true
op-1010,1783280989099172500,1783280989127693000,28.5205,16,true,true
op-1011,1783280989119886100,1783280989148568600,28.6825,16,true,true
op-1012,1783280989140558000,1783280989166304500,25.7465,16,true,true
op-1013,1783280989161284600,1783280989190534100,29.2495,16,true,true
op-1014,1783280989181705800,1783280989209116700,27.4109,16,true,true
op-1015,1783280989202130100,1783280989230002700,27.8726,16,true,true
op-1016,1783280989222581700,1783280989251447200,28.8655,16,true,true
op-1017,1783280989242898500,1783280989270366700,27.4682,16,true,true
op-1018,1783280989263327900,1783280989291494300,28.1664,16,true,true
op-1019,1783280989283476000,1783280989313125800,29.6498,16,true,true
op-1020,1783280989304198300,1783280989333875500,29.6772,16,true,true
op-1021,1783280989324693500,1783280989354117200,29.4237,16,true,true
op-1022,1783280989345045300,1783280989371249300,26.2040,16,true,true
op-1023,1783280989365687000,1783280989393114700,27.4277,16,true,true
op-1024,1783280989386070600,1783280989415436300,29.3657,16,true,true
op-1025,1783280989406586900,1783280989434264300,27.6774,16,true,true
op-1026,1783280989427230200,1783280989453911900,26.6817,16,true,true
op-1027,1783280989447606700,1783280989476382800,28.7761,16,true,true
op-1028,1783280989467931700,1783280989499166700,31.2350,16,true,true
op-1029,1783280989488910300,1783280989515779300,26.8690,16,true,true
op-1030,1783280989509247800,1783280989534222900,24.9751,16,true,true
op-1031,1783280989529653400,1783280989558163900,28.5105,16,true,true
op-1032,1783280989550110800,1783280989577281100,27.1703,16,true,true
op-1033,1783280989570763700,1783280989599578900,28.8152,16,true,true
op-1034,1783280989590891200,1783280989616153200,25.2620,16,true,true
op-1035,1783280989611131000,1783280989639229200,28.0982,16,true,true
op-1036,1783280989631500700,1783280989660893600,29.3929,16,true,true
op-1037,1783280989652071200,1783280989678786700,26.7155,16,true,true
op-1038,1783280989672739500,1783280989702697300,29.9578,16,true,true
op-1039,1783280989693087800,1783280989720510500,27.4227,16,true,true
op-1040,1783280989713373800,1783280989741883000,28.5092,16,true,true
op-1041,1783280989733832800,1783280989760626700,26.7939,16,true,true
op-1042,1783280989754144000,1783280989782568400,28.4244,16,true,true
op-1043,1783280989774618400,1783280989801062500,26.4441,16,true,true
op-1044,1783280989795258600,1783280989822903700,27.6451,16,true,true
op-1045,1783280989815886500,1783280989842230000,26.3435,16,true,true
op-1046,1783280989836548000,1783280989863350000,26.8020,16,true,true
op-1047,1783280989856673500,1783280989885620900,28.9474,16,true,true
op-1048,1783280989876968600,1783280989909499200,32.5306,16,true,true
op-1049,1783280989897186500,1783280989923861700,26.6752,16,true,true
op-1050,1783280989917579000,1783280989946737600,29.1586,16,true,true
op-1051,1783280989937710400,1783280989965350700,27.6403,16,true,true
op-1052,1783280989958304600,1783280989987439100,29.1345,16,true,true
op-1053,1783280989978881200,1783280990008800300,29.9191,16,true,true
op-1054,1783280989999462500,1783280990025674300,26.2118,16,true,true
op-1055,1783280990019678800,1783280990047558400,27.8796,16,true,true
op-1056,1783280990040028900,1783280990066383000,26.3541,16,true,true
op-1057,1783280990060606300,1783280990086663200,26.0569,16,true,true
op-1058,1783280990080833700,1783280990110055500,29.2218,16,true,true
op-1059,1783280990101285300,1783280990128264800,26.9795,16,true,true
op-1060,1783280990121863700,1783280990148386100,26.5224,16,true,true
op-1061,1783280990142406300,1783280990170041100,27.6348,16,true,true
op-1062,1783280990162902300,1783280990189442300,26.5400,16,true,true
op-1063,1783280990183119000,1783280990210022400,26.9034,16,true,true
op-1064,1783280990203676800,1783280990235011100,31.3343,16,true,true
op-1065,1783280990223778000,1783280990252719800,28.9418,16,true,true
op-1066,1783280990244443900,1783280990271284300,26.8404,16,true,true
op-1067,1783280990264759700,1783280990292184900,27.4252,16,true,true
op-1068,1783280990285437000,1783280990313197600,27.7606,16,true,true
op-1069,1783280990306032100,1783280990334948000,28.9159,16,true,true
op-1070,1783280990326396400,1783280990352516300,26.1199,16,true,true
op-1071,1783280990347001200,1783280990373732300,26.7311,16,true,true
op-1072,1783280990367654000,1783280990395577100,27.9231,16,true,true
op-1073,1783280990387860900,1783280990415368100,27.5072,16,true,true
op-1074,1783280990408247800,1783280990435062100,26.8143,16,true,true
op-1075,1783280990428521200,1783280990455727000,27.2058,16,true,true
op-1076,1783280990448675400,1783280990474490300,25.8149,16,true,true
op-1077,1783280990469326900,1783280990499368900,30.0420,16,true,true
op-1078,1783280990489814700,1783280990516912800,27.0981,16,true,true
op-1079,1783280990510362700,1783280990537501300,27.1386,16,true,true
op-1080,1783280990530851100,1783280990560852500,30.0014,16,true,true
op-1081,1783280990551320500,1783280990579733500,28.4130,16,true,true
op-1082,1783280990571379800,1783280990603632800,32.2530,16,true,true
op-1083,1783280990591982900,1783280990621618200,29.6353,16,true,true
op-1084,1783280990612670500,1783280990638858400,26.1879,16,true,true
op-1085,1783280990632923300,1783280990659010900,26.0876,16,true,true
op-1086,1783280990653178700,1783280990680631500,27.4528,16,true,true
op-1087,1783280990673602800,1783280990702377600,28.7748,16,true,true
op-1088,1783280990694267000,1783280990721378100,27.1111,16,true,true
op-1089,1783280990714826300,1783280990740021000,25.1947,16,true,true
op-1090,1783280990735503900,1783280990761762700,26.2588,16,true,true
op-1091,1783280990755724200,1783280990782831500,27.1073,16,true,true
op-1092,1783280990776278200,1783280990804361700,28.0835,16,true,true
op-1093,1783280990796845000,1783280990826558700,29.7137,16,true,true
op-1094,1783280990817004300,1783280990846909300,29.9050,16,true,true
op-1095,1783280990837380900,1783280990867307800,29.9269,16,true,true
op-1096,1783280990857541600,1783280990887283200,29.7416,16,true,true
op-1097,1783280990877920700,1783280990907153000,29.2323,16,true,true
op-1098,1783280990898655400,1783280990931964800,33.3094,16,true,true
op-1099,1783280990919374900,1783280990947426700,28.0518,16,true,true
op-1100,1783280990940062800,1783280990966533400,26.4706,16,true,true
op-1101,1783280990960247600,1783280990990521200,30.2736,16,true,true
op-1102,1783280990981734800,1783280991011968600,30.2338,16,true,true
op-1103,1783280991002069500,1783280991029247900,27.1784,16,true,true
op-1104,1783280991022337300,1783280991054126900,31.7896,16,true,true
op-1105,1783280991043087000,1783280991070617600,27.5306,16,true,true
op-1106,1783280991063595700,1783280991091254400,27.6587,16,true,true
op-1107,1783280991084184900,1783280991110346800,26.1619,16,true,true
op-1108,1783280991104343700,1783280991136725000,32.3813,16,true,true
op-1109,1783280991125802900,1783280991163714300,37.9114,16,true,true
op-1110,1783280991146272600,1783280991180626800,34.3542,16,true,true
op-1111,1783280991166326500,1783280991195834400,29.5079,16,true,true
op-1112,1783280991186975800,1783280991218676100,31.7003,16,true,true
op-1113,1783280991207521600,1783280991235850600,28.3290,16,true,true
op-1114,1783280991227833000,1783280991256501400,28.6684,16,true,true
op-1115,1783280991248481800,1783280991277823500,29.3417,16,true,true
op-1116,1783280991268781100,1783280991299050300,30.2692,16,true,true
op-1117,1783280991289364300,1783280991316912200,27.5479,16,true,true
op-1118,1783280991309686000,1783280991339124300,29.4383,16,true,true
op-1119,1783280991330144000,1783280991357600900,27.4569,16,true,true
op-1120,1783280991350776200,1783280991380188500,29.4123,16,true,true
op-1121,1783280991370783500,1783280991400320000,29.5365,16,true,true
op-1122,1783280991390992000,1783280991419852400,28.8604,16,true,true
op-1123,1783280991411303600,1783280991438577800,27.2742,16,true,true
op-1124,1783280991431746800,1783280991462620700,30.8739,16,true,true
op-1125,1783280991453207700,1783280991482146000,28.9383,16,true,true
op-1126,1783280991473298800,1783280991502892800,29.5940,16,true,true
op-1127,1783280991493835800,1783280991520494800,26.6590,16,true,true
op-1128,1783280991514469600,1783280991542280700,27.8111,16,true,true
op-1129,1783280991534829200,1783280991562653900,27.8247,16,true,true
op-1130,1783280991555215100,1783280991584255800,29.0407,16,true,true
op-1131,1783280991575570200,1783280991604863500,29.2933,16,true,true
op-1132,1783280991596494300,1783280991625829100,29.3348,16,true,true
op-1133,1783280991617076800,1783280991648965000,31.8882,16,true,true
op-1134,1783280991637413700,1783280991668298100,30.8844,16,true,true
op-1135,1783280991658022300,1783280991686963800,28.9415,16,true,true
op-1136,1783280991678609100,1783280991706145300,27.5362,16,true,true
op-1137,1783280991699206300,1783280991727658500,28.4522,16,true,true
op-1138,1783280991719579000,1783280991747661000,28.0820,16,true,true
op-1139,1783280991739803600,1783280991768269400,28.4658,16,true,true
op-1140,1783280991760216100,1783280991786728100,26.5120,16,true,true
op-1141,1783280991780687300,1783280991807892700,27.2054,16,true,true
op-1142,1783280991801323200,1783280991828423400,27.1002,16,true,true
op-1143,1783280991821754800,1783280991848955200,27.2004,16,true,true
op-1144,1783280991842282000,1783280991869400100,27.1181,16,true,true
op-1145,1783280991862603000,1783280991889558900,26.9559,16,true,true
op-1146,1783280991882791700,1783280991912147000,29.3553,16,true,true
op-1147,1783280991903392600,1783280991932897800,29.5052,16,true,true
op-1148,1783280991923715000,1783280991950298700,26.5837,16,true,true
op-1149,1783280991944166500,1783280991970848300,26.6818,16,true,true
op-1150,1783280991964748900,1783280991991453300,26.7044,16,true,true
op-1151,1783280991985231500,1783280992011744000,26.5125,16,true,true
op-1152,1783280992005731200,1783280992035373400,29.6422,16,true,true
op-1153,1783280992026502700,1783280992053402500,26.8998,16,true,true
op-1154,1783280992046880000,1783280992077320400,30.4404,16,true,true
op-1155,1783280992068274400,1783280992098486000,30.2116,16,true,true
op-1156,1783280992088448300,1783280992115485900,27.0376,16,true,true
op-1157,1783280992108780800,1783280992136330200,27.5494,16,true,true
op-1158,1783280992129299400,1783280992156410100,27.1107,16,true,true
op-1159,1783280992149867700,1783280992176561800,26.6941,16,true,true
op-1160,1783280992169965000,1783280992200360200,30.3952,16,true,true
op-1161,1783280992190762200,1783280992218307300,27.5451,16,true,true
op-1162,1783280992210925300,1783280992243583500,32.6582,16,true,true
op-1163,1783280992231129500,1783280992260143000,29.0135,16,true,true
op-1164,1783280992251602400,1783280992283276400,31.6740,16,true,true
op-1165,1783280992272209900,1783280992300904400,28.6945,16,true,true
op-1166,1783280992292830300,1783280992319648600,26.8183,16,true,true
op-1167,1783280992313277000,1783280992340904100,27.6271,16,true,true
op-1168,1783280992333882600,1783280992365471600,31.5890,16,true,true
op-1169,1783280992354444200,1783280992384999000,30.5548,16,true,true
op-1170,1783280992374493100,1783280992404321800,29.8287,16,true,true
op-1171,1783280992395061300,1783280992424466300,29.4050,16,true,true
op-1172,1783280992415416000,1783280992445375600,29.9596,16,true,true
op-1173,1783280992435565600,1783280992472603000,37.0374,16,true,true
op-1174,1783280992455860200,1783280992502025200,46.1650,16,true,true
op-1175,1783280992476131000,1783280992511743000,35.6120,16,true,true
op-1176,1783280992497179200,1783280992529335200,32.1560,16,true,true
op-1177,1783280992517594900,1783280992550749300,33.1544,16,true,true
op-1178,1783280992537899300,1783280992571232500,33.3332,16,true,true
op-1179,1783280992558431800,1783280992587117200,28.6854,16,true,true
op-1180,1783280992579100600,1783280992608775800,29.6752,16,true,true
op-1181,1783280992599213700,1783280992630277000,31.0633,16,true,true
op-1182,1783280992619363500,1783280992651788300,32.4248,16,true,true
op-1183,1783280992639839100,1783280992669612500,29.7734,16,true,true
op-1184,1783280992660069700,1783280992692095000,32.0253,16,true,true
op-1185,1783280992680468400,1783280992709434400,28.9660,16,true,true
op-1186,1783280992700644800,1783280992732159500,31.5147,16,true,true
op-1187,1783280992720851500,1783280992749924000,29.0725,16,true,true
op-1188,1783280992741242400,1783280992770166600,28.9242,16,true,true
op-1189,1783280992761635100,1783280992788455300,26.8202,16,true,true
op-1190,1783280992782043500,1783280992809613300,27.5698,16,true,true
op-1191,1783280992802487200,1783280992830637700,28.1505,16,true,true
op-1192,1783280992822805200,1783280992852830500,30.0253,16,true,true
op-1193,1783280992843747900,1783280992870075600,26.3277,16,true,true
op-1194,1783280992864011400,1783280992891533700,27.5223,16,true,true
op-1195,1783280992884744400,1783280992913214600,28.4702,16,true,true
op-1196,1783280992905169400,1783280992932109800,26.9404,16,true,true
op-1197,1783280992925526400,1783280992952461400,26.9350,16,true,true
op-1198,1783280992945942500,1783280992976122500,30.1800,16,true,true
op-1199,1783280992966784300,1783280992996810200,30.0259,16,true,true
op-1200,1783280992987125600,1783280993018303200,31.1776,16,true,true
op-1201,1783280993008577300,1783280993039946100,31.3688,16,true,true
op-1202,1783280993029072500,1783280993055823600,26.7511,16,true,true
op-1203,1783280993049489400,1783280993078388100,28.8987,16,true,true
op-1204,1783280993069860600,1783280993098972300,29.1117,16,true,true
op-1205,1783280993090170200,1783280993119403900,29.2337,16,true,true
op-1206,1783280993110550500,1783280993146111500,35.5610,16,true,true
op-1207,1783280993131060000,1783280993166439900,35.3799,16,true,true
op-1208,1783280993151366200,1783280993186650700,35.2845,16,true,true
op-1209,1783280993171957000,1783280993206561700,34.6047,16,true,true
op-1210,1783280993192169100,1783280993221451100,29.2820,16,true,true
op-1211,1783280993212657600,1783280993246639600,33.9820,16,true,true
op-1212,1783280993233084900,1783280993269670400,36.5855,16,true,true
op-1213,1783280993253347400,1783280993280910800,27.5634,16,true,true
op-1214,1783280993273866900,1783280993302363800,28.4969,16,true,true
op-1215,1783280993294006800,1783280993323489900,29.4831,16,true,true
op-1216,1783280993314443400,1783280993345918400,31.4750,16,true,true
op-1217,1783280993334842000,1783280993371456900,36.6149,16,true,true
op-1218,1783280993355482600,1783280993390820600,35.3380,16,true,true
op-1219,1783280993375974600,1783280993409119900,33.1453,16,true,true
op-1220,1783280993396074200,1783280993430732900,34.6587,16,true,true
op-1221,1783280993416665600,1783280993446927700,30.2621,16,true,true
op-1222,1783280993436813800,1783280993467952200,31.1384,16,true,true
op-1223,1783280993457482200,1783280993494206700,36.7245,16,true,true
op-1224,1783280993478009800,1783280993513725300,35.7155,16,true,true
op-1225,1783280993498910000,1783280993535298600,36.3886,16,true,true
op-1226,1783280993519235700,1783280993560758600,41.5229,16,true,true
op-1227,1783280993539826500,1783280993574169500,34.3430,16,true,true
op-1228,1783280993560043800,1783280993595593100,35.5493,16,true,true
op-1229,1783280993580317100,1783280993620788000,40.4709,16,true,true
op-1230,1783280993601720400,1783280993637377000,35.6566,16,true,true
op-1231,1783280993622293100,1783280993656499500,34.2064,16,true,true
op-1232,1783280993642520000,1783280993677908800,35.3888,16,true,true
op-1233,1783280993663017200,1783280993698593700,35.5765,16,true,true
op-1234,1783280993683419300,1783280993723931700,40.5124,16,true,true
op-1235,1783280993703610800,1783280993740002600,36.3918,16,true,true
op-1236,1783280993723931700,1783280993766196700,42.2650,16,true,true
op-1237,1783280993744548200,1783280993787584800,43.0366,16,true,true
op-1238,1783280993765017500,1783280993798687600,33.6701,16,true,true
op-1239,1783280993785274200,1783280993829680000,44.4058,16,true,true
op-1240,1783280993805699900,1783280993840375500,34.6756,16,true,true
op-1241,1783280993826295500,1783280993859460400,33.1649,16,true,true
op-1242,1783280993846970800,1783280993885567100,38.5963,16,true,true
op-1243,1783280993867510100,1783280993902397000,34.8869,16,true,true
op-1244,1783280993888099300,1783280993925248200,37.1489,16,true,true
op-1245,1783280993908367800,1783280993953281300,44.9135,16,true,true
op-1246,1783280993928752300,1783280993977175600,48.4233,16,true,true
op-1247,1783280993949174400,1783280993986989000,37.8146,16,true,true
op-1248,1783280993970106100,1783280994004865800,34.7597,16,true,true
op-1249,1783280993990499800,1783280994029327600,38.8278,16,true,true
op-1250,1783280994010863000,1783280994055359600,44.4966,16,true,true
op-1251,1783280994030880500,1783280994076980700,46.1002,16,true,true
op-1252,1783280994051336900,1783280994102353400,51.0165,16,true,true
op-1253,1783280994071453000,1783280994109755600,38.3026,16,true,true
op-1254,1783280994091907000,1783280994132748300,40.8413,16,true,true
op-1255,1783280994112762000,1783280994154532600,41.7706,16,true,true
op-1256,1783280994133253100,1783280994174479400,41.2263,16,true,true
op-1257,1783280994154071900,1783280994193389600,39.3177,16,true,true
op-1258,1783280994174479400,1783280994213656800,39.1774,16,true,true
op-1259,1783280994194895400,1783280994237919400,43.0240,16,true,true
op-1260,1783280994215294400,1783280994264385800,49.0914,16,true,true
op-1261,1783280994235568700,1783280994276559400,40.9907,16,true,true
op-1262,1783280994255956000,1783280994298986000,43.0300,16,true,true
op-1263,1783280994276559400,1783280994314671300,38.1119,16,true,true
op-1264,1783280994296979800,1783280994336065500,39.0857,16,true,true
op-1265,1783280994317688900,1783280994359159300,41.4704,16,true,true
op-1266,1783280994338126200,1783280994377646100,39.5199,16,true,true
op-1267,1783280994358651800,1783280994398753900,40.1021,16,true,true
op-1268,1783280994379152700,1783280994420864200,41.7115,16,true,true
op-1269,1783280994399753800,1783280994436975400,37.2216,16,true,true
op-1270,1783280994419843700,1783280994460397200,40.5535,16,true,true
op-1271,1783280994439982400,1783280994485714200,45.7318,16,true,true
op-1272,1783280994460397200,1783280994498602900,38.2057,16,true,true
op-1273,1783280994481032200,1783280994517795200,36.7630,16,true,true
op-1274,1783280994502147600,1783280994538304700,36.1571,16,true,true
op-1275,1783280994522879700,1783280994561410500,38.5308,16,true,true
op-1276,1783280994543319100,1783280994585959300,42.6402,16,true,true
op-1277,1783280994563915700,1783280994609296300,45.3806,16,true,true
op-1278,1783280994584447500,1783280994619812500,35.3650,16,true,true
op-1279,1783280994604774000,1783280994646226900,41.4529,16,true,true
op-1280,1783280994625335100,1783280994666800100,41.4650,16,true,true
op-1281,1783280994645720100,1783280994682943700,37.2236,16,true,true
op-1282,1783280994666292900,1783280994708249000,41.9561,16,true,true
op-1283,1783280994686488600,1783280994734153400,47.6648,16,true,true
op-1284,1783280994706810200,1783280994745696900,38.8867,16,true,true
op-1285,1783280994727383700,1783280994766511600,39.1279,16,true,true
op-1286,1783280994747697100,1783280994783775400,36.0783,16,true,true
op-1287,1783280994768565400,1783280994807655600,39.0902,16,true,true
op-1288,1783280994788793200,1783280994827433900,38.6407,16,true,true
op-1289,1783280994809174900,1783280994846016400,36.8415,16,true,true
op-1290,1783280994829451800,1783280994874450600,44.9988,16,true,true
op-1291,1783280994850022400,1783280994889378900,39.3565,16,true,true
op-1292,1783280994870929700,1783280994909054100,38.1244,16,true,true
op-1293,1783280994891390900,1783280994928477300,37.0864,16,true,true
op-1294,1783280994911559100,1783280994949875600,38.3165,16,true,true
op-1295,1783280994932217000,1783280994967238600,35.0216,16,true,true
op-1296,1783280994952385900,1783280994992014600,39.6287,16,true,true
op-1297,1783280994972748500,1783280995015799400,43.0509,16,true,true
op-1298,1783280994993027800,1783280995029326800,36.2990,16,true,true
op-1299,1783280995013302300,1783280995056284700,42.9824,16,true,true
op-1300,1783280995033831200,1783280995068462700,34.6315,16,true,true
op-1301,1783280995053869200,1783280995098805500,44.9363,16,true,true
op-1302,1783280995074292100,1783280995135594600,61.3025,16,true,true
op-1303,1783280995094494400,1783280995163568900,69.0745,16,true,true
op-1304,1783280995114707700,1783280995170603400,55.8957,16,true,true
op-1305,1783280995134948000,1783280995192954100,58.0061,16,true,true
op-1306,1783280995155498200,1783280995210410200,54.9120,16,true,true
op-1307,1783280995176143600,1783280995235765200,59.6216,16,true,true
op-1308,1783280995196480800,1783280995251259900,54.7791,16,true,true
op-1309,1783280995216919400,1783280995284679900,67.7605,16,true,true
op-1310,1783280995237270600,1783280995294956900,57.6863,16,true,true
op-1311,1783280995257769300,1783280995312947800,55.1785,16,true,true
op-1312,1783280995278084900,1783280995344211200,66.1263,16,true,true
op-1313,1783280995298483800,1783280995364626300,66.1425,16,true,true
op-1314,1783280995319084000,1783280995379034300,59.9503,16,true,true
op-1315,1783280995339596600,1783280995404479800,64.8832,16,true,true
op-1316,1783280995360047100,1783280995419612500,59.5654,16,true,true
op-1317,1783280995380565900,1783280995447018300,66.4524,16,true,true
op-1318,1783280995400712900,1783280995465075300,64.3624,16,true,true
op-1319,1783280995421159000,1783280995487995300,66.8363,16,true,true
op-1320,1783280995441461900,1783280995501327900,59.8660,16,true,true
op-1321,1783280995462040600,1783280995521095100,59.0545,16,true,true
op-1322,1783280995482621000,1783280995547017000,64.3960,16,true,true
op-1323,1783280995502831700,1783280995561636500,58.8048,16,true,true
op-1324,1783280995523359200,1783280995583627200,60.2680,16,true,true
op-1325,1783280995543670500,1783280995601030200,57.3597,16,true,true
op-1326,1783280995564779100,1783280995628156400,63.3773,16,true,true
op-1327,1783280995585183900,1783280995652823700,67.6398,16,true,true
op-1328,1783280995605611500,1783280995671171700,65.5602,16,true,true
op-1329,1783280995625755500,1783280995685569900,59.8144,16,true,true
op-1330,1783280995646076800,1783280995706844400,60.7676,16,true,true
op-1331,1783280995666342900,1783280995725448900,59.1060,16,true,true
op-1332,1783280995686575500,1783280995745853700,59.2782,16,true,true
op-1333,1783280995706844400,1783280995765996100,59.1517,16,true,true
op-1334,1783280995726953500,1783280995778842500,51.8890,16,true,true
op-1335,1783280995747390000,1783280995806689400,59.2994,16,true,true
op-1336,1783280995767530400,1783280995826322500,58.7921,16,true,true
op-1337,1783280995787912300,1783280995849202600,61.2903,16,true,true
op-1338,1783280995808230300,1783280995872006700,63.7764,16,true,true
op-1339,1783280995828434900,1783280995885832300,57.3974,16,true,true
op-1340,1783280995848671300,1783280995911980400,63.3091,16,true,true
op-1341,1783280995869173100,1783280995933443700,64.2706,16,true,true
op-1342,1783280995889348500,1783280995953894100,64.5456,16,true,true
op-1343,1783280995909438000,1783280995970705100,61.2671,16,true,true
op-1344,1783280995929779400,1783280995988538700,58.7593,16,true,true
op-1345,1783280995950282100,1783280996018663300,68.3812,16,true,true
op-1346,1783280995970705100,1783280996027602900,56.8978,16,true,true
op-1347,1783280995991069300,1783280996053470400,62.4011,16,true,true
op-1348,1783280996011607900,1783280996078513800,66.9059,16,true,true
op-1349,1783280996032155500,1783280996080516600,48.3611,16,true,true
op-1350,1783280996052457000,1783280996114525800,62.0688,16,true,true
op-1351,1783280996072555700,1783280996132837700,60.2820,16,true,true
op-1352,1783280996092965500,1783280996150415400,57.4499,16,true,true
op-1353,1783280996113357700,1783280996176112800,62.7551,16,true,true
op-1354,1783280996133837700,1783280996190425200,56.5875,16,true,true
op-1355,1783280996154266200,1783280996206981000,52.7148,16,true,true
op-1356,1783280996174584700,1783280996242136400,67.5517,16,true,true
op-1357,1783280996195001900,1783280996257610200,62.6083,16,true,true
op-1358,1783280996215739700,1783280996283388700,67.6490,16,true,true
op-1359,1783280996236123700,1783280996293989600,57.8659,16,true,true
op-1360,1783280996256604400,1783280996313035300,56.4309,16,true,true
op-1361,1783280996277066100,1783280996335157800,58.0917,16,true,true
op-1362,1783280996298031300,1783280996359066700,61.0354,16,true,true
op-1363,1783280996318143400,1783280996383644000,65.5006,16,true,true
op-1364,1783280996338236300,1783280996396703000,58.4667,16,true,true
op-1365,1783280996358563200,1783280996419660200,61.0970,16,true,true
op-1366,1783280996378935800,1783280996445502800,66.5670,16,true,true
op-1367,1783280996399318900,1783280996466093000,66.7741,16,true,true
op-1368,1783280996419660200,1783280996482819100,63.1589,16,true,true
op-1369,1783280996440170400,1783280996505007000,64.8366,16,true,true
op-1370,1783280996460680600,1783280996521675400,60.9948,16,true,true
op-1371,1783280996480837300,1783280996538352600,57.5153,16,true,true
op-1372,1783280996501022500,1783280996566447200,65.4247,16,true,true
op-1373,1783280996521167600,1783280996580712200,59.5446,16,true,true
op-1374,1783280996541353000,1783280996593584300,52.2313,16,true,true
op-1375,1783280996561826900,1783280996618952500,57.1256,16,true,true
op-1376,1783280996582248600,1783280996649139000,66.8904,16,true,true
op-1377,1783280996602735200,1783280996671071300,68.3361,16,true,true
op-1378,1783280996623554500,1783280996687306600,63.7521,16,true,true
op-1379,1783280996644595600,1783280996707616100,63.0205,16,true,true
op-1380,1783280996664952800,1783280996729101300,64.1485,16,true,true
op-1381,1783280996685296800,1783280996745833600,60.5368,16,true,true
op-1382,1783280996705596400,1783280996766151000,60.5546,16,true,true
op-1383,1783280996725657000,1783280996788370000,62.7130,16,true,true
op-1384,1783280996745833600,1783280996808345900,62.5123,16,true,true
op-1385,1783280996766151000,1783280996816801000,50.6500,16,true,true
op-1386,1783280996786372600,1783280996853289500,66.9169,16,true,true
op-1387,1783280996806832400,1783280996867329000,60.4966,16,true,true
op-1388,1783280996827135900,1783280996889395300,62.2594,16,true,true
op-1389,1783280996847177300,1783280996903965200,56.7879,16,true,true
op-1390,1783280996867329000,1783280996934711300,67.3823,16,true,true
op-1391,1783280996887522100,1783280996953644300,66.1222,16,true,true
op-1392,1783280996907966400,1783280996969413200,61.4468,16,true,true
op-1393,1783280996928242900,1783280996991271500,63.0286,16,true,true
op-1394,1783280996948398200,1783280997014639100,66.2409,16,true,true
op-1395,1783280996968905200,1783280997034929600,66.0244,16,true,true
op-1396,1783280996989012000,1783280997044316100,55.3041,16,true,true
op-1397,1783280997009311100,1783280997067831900,58.5208,16,true,true
op-1398,1783280997029482500,1783280997085191100,55.7086,16,true,true
op-1399,1783280997049827200,1783280997112365800,62.5386,16,true,true
op-1400,1783280997070391000,1783280997133488400,63.0974,16,true,true
op-1401,1783280997090918400,1783280997151915600,60.9972,16,true,true
op-1402,1783280997111156900,1783280997174956400,63.7995,16,true,true
op-1403,1783280997131450000,1783280997188431100,56.9811,16,true,true
op-1404,1783280997151915600,1783280997214786500,62.8709,16,true,true
op-1405,1783280997172065000,1783280997233295700,61.2307,16,true,true
op-1406,1783280997192411800,1783280997259922600,67.5108,16,true,true
op-1407,1783280997212779000,1783280997275621400,62.8424,16,true,true
op-1408,1783280997232782700,1783280997291573600,58.7909,16,true,true
op-1409,1783280997253040300,1783280997314504200,61.4639,16,true,true
op-1410,1783280997273133300,1783280997336597000,63.4637,16,true,true
op-1411,1783280997293645100,1783280997352272200,58.6271,16,true,true
op-1412,1783280997313958800,1783280997380717800,66.7590,16,true,true
op-1413,1783280997334434400,1783280997392179900,57.7455,16,true,true
op-1414,1783280997354589000,1783280997405972600,51.3836,16,true,true
op-1415,1783280997375084400,1783280997428468000,53.3836,16,true,true
op-1416,1783280997395262200,1783280997443892500,48.6303,16,true,true
op-1417,1783280997415506600,1783280997475546700,60.0401,16,true,true
op-1418,1783280997436107400,1783280997502431000,66.3236,16,true,true
op-1419,1783280997456428300,1783280997512586300,56.1580,16,true,true
op-1420,1783280997476453200,1783280997546552500,70.0993,16,true,true
op-1421,1783280997496772200,1783280997581806600,85.0344,16,true,true
op-1422,1783280997517181600,1783280997602850200,85.6686,16,true,true
op-1423,1783280997537491900,1783280997628949200,91.4573,16,true,true
op-1424,1783280997557664900,1783280997635979700,78.3148,16,true,true
op-1425,1783280997577800400,1783280997649753500,71.9531,16,true,true
op-1426,1783280997598845200,1783280997662867500,64.0223,16,true,true
op-1427,1783280997619431700,1783280997686976900,67.5452,16,true,true
op-1428,1783280997639575900,1783280997705168700,65.5928,16,true,true
op-1429,1783280997659839800,1783280997724809300,64.9695,16,true,true
op-1430,1783280997680147700,1783280997743322000,63.1743,16,true,true
op-1431,1783280997700592800,1783280997760711900,60.1191,16,true,true
op-1432,1783280997721135400,1783280997780741700,59.6063,16,true,true
op-1433,1783280997741498800,1783280997800815500,59.3167,16,true,true
op-1434,1783280997761714900,1783280997823263600,61.5487,16,true,true
op-1435,1783280997782245200,1783280997838848200,56.6030,16,true,true
op-1436,1783280997802814000,1783280997856020100,53.2061,16,true,true
op-1437,1783280997823263600,1783280997882131400,58.8678,16,true,true
op-1438,1783280997843436600,1783280997895406100,51.9695,16,true,true
op-1439,1783280997864028900,1783280997923156200,59.1273,16,true,true
op-1440,1783280997884240700,1783280997946962900,62.7222,16,true,true
op-1441,1783280997904497000,1783280997959011300,54.5143,16,true,true
op-1442,1783280997924771200,1783280997989063000,64.2918,16,true,true
op-1443,1783280997945030800,1783280998012788000,67.7572,16,true,true
op-1444,1783280997965490900,1783280998032638300,67.1474,16,true,true
op-1445,1783280997986047500,1783280998041142500,55.0950,16,true,true
op-1446,1783280998006227200,1783280998063015800,56.7886,16,true,true
op-1447,1783280998026477400,1783280998087763900,61.2865,16,true,true
op-1448,1783280998046708100,1783280998116459500,69.7514,16,true,true
op-1449,1783280998067140500,1783280998121776800,54.6363,16,true,true
op-1450,1783280998087763900,1783280998160045100,72.2812,16,true,true
op-1451,1783280998107955200,1783280998165774400,57.8192,16,true,true
op-1452,1783280998128633700,1783280998200789400,72.1557,16,true,true
op-1453,1783280998148829900,1783280998209961300,61.1314,16,true,true
op-1454,1783280998169403600,1783280998228349900,58.9463,16,true,true
op-1455,1783280998189453100,1783280998249829500,60.3764,16,true,true
op-1456,1783280998209961300,1783280998266729100,56.7678,16,true,true
op-1457,1783280998230345500,1783280998292734800,62.3893,16,true,true
op-1458,1783280998250937600,1783280998312386400,61.4488,16,true,true
op-1459,1783280998271330500,1783280998336340100,65.0096,16,true,true
op-1460,1783280998291739100,1783280998353023600,61.2845,16,true,true
op-1461,1783280998312386400,1783280998381109800,68.7234,16,true,true
op-1462,1783280998332747900,1783280998392914600,60.1667,16,true,true
op-1463,1783280998353023600,1783280998421251600,68.2280,16,true,true
op-1464,1783280998373503100,1783280998431734700,58.2316,16,true,true
op-1465,1783280998393914600,1783280998453644500,59.7299,16,true,true
op-1466,1783280998414521400,1783280998477198400,62.6770,16,true,true
op-1467,1783280998435001100,1783280998481198900,46.1978,16,true,true
